"id";"date";"monthly_value";"quarterly_value";"yearly_value";"quarter_id";"month_id";"month";"quarter_year_name";"month_year_name"
"1";"2018-01-01";"1";"1";"2018";"2018001";"2018001";"Januar";"1 Qu 2018";"Jan 2018"
"2";"2018-01-02";"1";"1";"2018";"2018001";"2018001";"Januar";"1 Qu 2018";"Jan 2018"
"3";"2018-01-03";"1";"1";"2018";"2018001";"2018001";"Januar";"1 Qu 2018";"Jan 2018"
"4";"2018-01-04";"1";"1";"2018";"2018001";"2018001";"Januar";"1 Qu 2018";"Jan 2018"
"5";"2018-01-05";"1";"1";"2018";"2018001";"2018001";"Januar";"1 Qu 2018";"Jan 2018"
"6";"2018-01-06";"1";"1";"2018";"2018001";"2018001";"Januar";"1 Qu 2018";"Jan 2018"
"7";"2018-01-07";"1";"1";"2018";"2018001";"2018001";"Januar";"1 Qu 2018";"Jan 2018"
"8";"2018-01-08";"1";"1";"2018";"2018001";"2018001";"Januar";"1 Qu 2018";"Jan 2018"
"9";"2018-01-09";"1";"1";"2018";"2018001";"2018001";"Januar";"1 Qu 2018";"Jan 2018"
"10";"2018-01-10";"1";"1";"2018";"2018001";"2018001";"Januar";"1 Qu 2018";"Jan 2018"
"11";"2018-01-11";"1";"1";"2018";"2018001";"2018001";"Januar";"1 Qu 2018";"Jan 2018"
"12";"2018-01-12";"1";"1";"2018";"2018001";"2018001";"Januar";"1 Qu 2018";"Jan 2018"
"13";"2018-01-13";"1";"1";"2018";"2018001";"2018001";"Januar";"1 Qu 2018";"Jan 2018"
"14";"2018-01-14";"1";"1";"2018";"2018001";"2018001";"Januar";"1 Qu 2018";"Jan 2018"
"15";"2018-01-15";"1";"1";"2018";"2018001";"2018001";"Januar";"1 Qu 2018";"Jan 2018"
"16";"2018-01-16";"1";"1";"2018";"2018001";"2018001";"Januar";"1 Qu 2018";"Jan 2018"
"17";"2018-01-17";"1";"1";"2018";"2018001";"2018001";"Januar";"1 Qu 2018";"Jan 2018"
"18";"2018-01-18";"1";"1";"2018";"2018001";"2018001";"Januar";"1 Qu 2018";"Jan 2018"
"19";"2018-01-19";"1";"1";"2018";"2018001";"2018001";"Januar";"1 Qu 2018";"Jan 2018"
"20";"2018-01-20";"1";"1";"2018";"2018001";"2018001";"Januar";"1 Qu 2018";"Jan 2018"
"21";"2018-01-21";"1";"1";"2018";"2018001";"2018001";"Januar";"1 Qu 2018";"Jan 2018"
"22";"2018-01-22";"1";"1";"2018";"2018001";"2018001";"Januar";"1 Qu 2018";"Jan 2018"
"23";"2018-01-23";"1";"1";"2018";"2018001";"2018001";"Januar";"1 Qu 2018";"Jan 2018"
"24";"2018-01-24";"1";"1";"2018";"2018001";"2018001";"Januar";"1 Qu 2018";"Jan 2018"
"25";"2018-01-25";"1";"1";"2018";"2018001";"2018001";"Januar";"1 Qu 2018";"Jan 2018"
"26";"2018-01-26";"1";"1";"2018";"2018001";"2018001";"Januar";"1 Qu 2018";"Jan 2018"
"27";"2018-01-27";"1";"1";"2018";"2018001";"2018001";"Januar";"1 Qu 2018";"Jan 2018"
"28";"2018-01-28";"1";"1";"2018";"2018001";"2018001";"Januar";"1 Qu 2018";"Jan 2018"
"29";"2018-01-29";"1";"1";"2018";"2018001";"2018001";"Januar";"1 Qu 2018";"Jan 2018"
"30";"2018-01-30";"1";"1";"2018";"2018001";"2018001";"Januar";"1 Qu 2018";"Jan 2018"
"31";"2018-01-31";"1";"1";"2018";"2018001";"2018001";"Januar";"1 Qu 2018";"Jan 2018"
"32";"2018-02-01";"2";"1";"2018";"2018001";"2018002";"Februar";"1 Qu 2018";"Feb 2018"
"33";"2018-02-02";"2";"1";"2018";"2018001";"2018002";"Februar";"1 Qu 2018";"Feb 2018"
"34";"2018-02-03";"2";"1";"2018";"2018001";"2018002";"Februar";"1 Qu 2018";"Feb 2018"
"35";"2018-02-04";"2";"1";"2018";"2018001";"2018002";"Februar";"1 Qu 2018";"Feb 2018"
"36";"2018-02-05";"2";"1";"2018";"2018001";"2018002";"Februar";"1 Qu 2018";"Feb 2018"
"37";"2018-02-06";"2";"1";"2018";"2018001";"2018002";"Februar";"1 Qu 2018";"Feb 2018"
"38";"2018-02-07";"2";"1";"2018";"2018001";"2018002";"Februar";"1 Qu 2018";"Feb 2018"
"39";"2018-02-08";"2";"1";"2018";"2018001";"2018002";"Februar";"1 Qu 2018";"Feb 2018"
"40";"2018-02-09";"2";"1";"2018";"2018001";"2018002";"Februar";"1 Qu 2018";"Feb 2018"
"41";"2018-02-10";"2";"1";"2018";"2018001";"2018002";"Februar";"1 Qu 2018";"Feb 2018"
"42";"2018-02-11";"2";"1";"2018";"2018001";"2018002";"Februar";"1 Qu 2018";"Feb 2018"
"43";"2018-02-12";"2";"1";"2018";"2018001";"2018002";"Februar";"1 Qu 2018";"Feb 2018"
"44";"2018-02-13";"2";"1";"2018";"2018001";"2018002";"Februar";"1 Qu 2018";"Feb 2018"
"45";"2018-02-14";"2";"1";"2018";"2018001";"2018002";"Februar";"1 Qu 2018";"Feb 2018"
"46";"2018-02-15";"2";"1";"2018";"2018001";"2018002";"Februar";"1 Qu 2018";"Feb 2018"
"47";"2018-02-16";"2";"1";"2018";"2018001";"2018002";"Februar";"1 Qu 2018";"Feb 2018"
"48";"2018-02-17";"2";"1";"2018";"2018001";"2018002";"Februar";"1 Qu 2018";"Feb 2018"
"49";"2018-02-18";"2";"1";"2018";"2018001";"2018002";"Februar";"1 Qu 2018";"Feb 2018"
"50";"2018-02-19";"2";"1";"2018";"2018001";"2018002";"Februar";"1 Qu 2018";"Feb 2018"
"51";"2018-02-20";"2";"1";"2018";"2018001";"2018002";"Februar";"1 Qu 2018";"Feb 2018"
"52";"2018-02-21";"2";"1";"2018";"2018001";"2018002";"Februar";"1 Qu 2018";"Feb 2018"
"53";"2018-02-22";"2";"1";"2018";"2018001";"2018002";"Februar";"1 Qu 2018";"Feb 2018"
"54";"2018-02-23";"2";"1";"2018";"2018001";"2018002";"Februar";"1 Qu 2018";"Feb 2018"
"55";"2018-02-24";"2";"1";"2018";"2018001";"2018002";"Februar";"1 Qu 2018";"Feb 2018"
"56";"2018-02-25";"2";"1";"2018";"2018001";"2018002";"Februar";"1 Qu 2018";"Feb 2018"
"57";"2018-02-26";"2";"1";"2018";"2018001";"2018002";"Februar";"1 Qu 2018";"Feb 2018"
"58";"2018-02-27";"2";"1";"2018";"2018001";"2018002";"Februar";"1 Qu 2018";"Feb 2018"
"59";"2018-02-28";"2";"1";"2018";"2018001";"2018002";"Februar";"1 Qu 2018";"Feb 2018"
"60";"2018-03-01";"3";"1";"2018";"2018001";"2018003";"März";"1 Qu 2018";"Mär 2018"
"61";"2018-03-02";"3";"1";"2018";"2018001";"2018003";"März";"1 Qu 2018";"Mär 2018"
"62";"2018-03-03";"3";"1";"2018";"2018001";"2018003";"März";"1 Qu 2018";"Mär 2018"
"63";"2018-03-04";"3";"1";"2018";"2018001";"2018003";"März";"1 Qu 2018";"Mär 2018"
"64";"2018-03-05";"3";"1";"2018";"2018001";"2018003";"März";"1 Qu 2018";"Mär 2018"
"65";"2018-03-06";"3";"1";"2018";"2018001";"2018003";"März";"1 Qu 2018";"Mär 2018"
"66";"2018-03-07";"3";"1";"2018";"2018001";"2018003";"März";"1 Qu 2018";"Mär 2018"
"67";"2018-03-08";"3";"1";"2018";"2018001";"2018003";"März";"1 Qu 2018";"Mär 2018"
"68";"2018-03-09";"3";"1";"2018";"2018001";"2018003";"März";"1 Qu 2018";"Mär 2018"
"69";"2018-03-10";"3";"1";"2018";"2018001";"2018003";"März";"1 Qu 2018";"Mär 2018"
"70";"2018-03-11";"3";"1";"2018";"2018001";"2018003";"März";"1 Qu 2018";"Mär 2018"
"71";"2018-03-12";"3";"1";"2018";"2018001";"2018003";"März";"1 Qu 2018";"Mär 2018"
"72";"2018-03-13";"3";"1";"2018";"2018001";"2018003";"März";"1 Qu 2018";"Mär 2018"
"73";"2018-03-14";"3";"1";"2018";"2018001";"2018003";"März";"1 Qu 2018";"Mär 2018"
"74";"2018-03-15";"3";"1";"2018";"2018001";"2018003";"März";"1 Qu 2018";"Mär 2018"
"75";"2018-03-16";"3";"1";"2018";"2018001";"2018003";"März";"1 Qu 2018";"Mär 2018"
"76";"2018-03-17";"3";"1";"2018";"2018001";"2018003";"März";"1 Qu 2018";"Mär 2018"
"77";"2018-03-18";"3";"1";"2018";"2018001";"2018003";"März";"1 Qu 2018";"Mär 2018"
"78";"2018-03-19";"3";"1";"2018";"2018001";"2018003";"März";"1 Qu 2018";"Mär 2018"
"79";"2018-03-20";"3";"1";"2018";"2018001";"2018003";"März";"1 Qu 2018";"Mär 2018"
"80";"2018-03-21";"3";"1";"2018";"2018001";"2018003";"März";"1 Qu 2018";"Mär 2018"
"81";"2018-03-22";"3";"1";"2018";"2018001";"2018003";"März";"1 Qu 2018";"Mär 2018"
"82";"2018-03-23";"3";"1";"2018";"2018001";"2018003";"März";"1 Qu 2018";"Mär 2018"
"83";"2018-03-24";"3";"1";"2018";"2018001";"2018003";"März";"1 Qu 2018";"Mär 2018"
"84";"2018-03-25";"3";"1";"2018";"2018001";"2018003";"März";"1 Qu 2018";"Mär 2018"
"85";"2018-03-26";"3";"1";"2018";"2018001";"2018003";"März";"1 Qu 2018";"Mär 2018"
"86";"2018-03-27";"3";"1";"2018";"2018001";"2018003";"März";"1 Qu 2018";"Mär 2018"
"87";"2018-03-28";"3";"1";"2018";"2018001";"2018003";"März";"1 Qu 2018";"Mär 2018"
"88";"2018-03-29";"3";"1";"2018";"2018001";"2018003";"März";"1 Qu 2018";"Mär 2018"
"89";"2018-03-30";"3";"1";"2018";"2018001";"2018003";"März";"1 Qu 2018";"Mär 2018"
"90";"2018-03-31";"3";"1";"2018";"2018001";"2018003";"März";"1 Qu 2018";"Mär 2018"
"91";"2018-04-01";"4";"2";"2018";"2018002";"2018004";"April";"2 Qu 2018";"Apr 2018"
"92";"2018-04-02";"4";"2";"2018";"2018002";"2018004";"April";"2 Qu 2018";"Apr 2018"
"93";"2018-04-03";"4";"2";"2018";"2018002";"2018004";"April";"2 Qu 2018";"Apr 2018"
"94";"2018-04-04";"4";"2";"2018";"2018002";"2018004";"April";"2 Qu 2018";"Apr 2018"
"95";"2018-04-05";"4";"2";"2018";"2018002";"2018004";"April";"2 Qu 2018";"Apr 2018"
"96";"2018-04-06";"4";"2";"2018";"2018002";"2018004";"April";"2 Qu 2018";"Apr 2018"
"97";"2018-04-07";"4";"2";"2018";"2018002";"2018004";"April";"2 Qu 2018";"Apr 2018"
"98";"2018-04-08";"4";"2";"2018";"2018002";"2018004";"April";"2 Qu 2018";"Apr 2018"
"99";"2018-04-09";"4";"2";"2018";"2018002";"2018004";"April";"2 Qu 2018";"Apr 2018"
"100";"2018-04-10";"4";"2";"2018";"2018002";"2018004";"April";"2 Qu 2018";"Apr 2018"
"101";"2018-04-11";"4";"2";"2018";"2018002";"2018004";"April";"2 Qu 2018";"Apr 2018"
"102";"2018-04-12";"4";"2";"2018";"2018002";"2018004";"April";"2 Qu 2018";"Apr 2018"
"103";"2018-04-13";"4";"2";"2018";"2018002";"2018004";"April";"2 Qu 2018";"Apr 2018"
"104";"2018-04-14";"4";"2";"2018";"2018002";"2018004";"April";"2 Qu 2018";"Apr 2018"
"105";"2018-04-15";"4";"2";"2018";"2018002";"2018004";"April";"2 Qu 2018";"Apr 2018"
"106";"2018-04-16";"4";"2";"2018";"2018002";"2018004";"April";"2 Qu 2018";"Apr 2018"
"107";"2018-04-17";"4";"2";"2018";"2018002";"2018004";"April";"2 Qu 2018";"Apr 2018"
"108";"2018-04-18";"4";"2";"2018";"2018002";"2018004";"April";"2 Qu 2018";"Apr 2018"
"109";"2018-04-19";"4";"2";"2018";"2018002";"2018004";"April";"2 Qu 2018";"Apr 2018"
"110";"2018-04-20";"4";"2";"2018";"2018002";"2018004";"April";"2 Qu 2018";"Apr 2018"
"111";"2018-04-21";"4";"2";"2018";"2018002";"2018004";"April";"2 Qu 2018";"Apr 2018"
"112";"2018-04-22";"4";"2";"2018";"2018002";"2018004";"April";"2 Qu 2018";"Apr 2018"
"113";"2018-04-23";"4";"2";"2018";"2018002";"2018004";"April";"2 Qu 2018";"Apr 2018"
"114";"2018-04-24";"4";"2";"2018";"2018002";"2018004";"April";"2 Qu 2018";"Apr 2018"
"115";"2018-04-25";"4";"2";"2018";"2018002";"2018004";"April";"2 Qu 2018";"Apr 2018"
"116";"2018-04-26";"4";"2";"2018";"2018002";"2018004";"April";"2 Qu 2018";"Apr 2018"
"117";"2018-04-27";"4";"2";"2018";"2018002";"2018004";"April";"2 Qu 2018";"Apr 2018"
"118";"2018-04-28";"4";"2";"2018";"2018002";"2018004";"April";"2 Qu 2018";"Apr 2018"
"119";"2018-04-29";"4";"2";"2018";"2018002";"2018004";"April";"2 Qu 2018";"Apr 2018"
"120";"2018-04-30";"4";"2";"2018";"2018002";"2018004";"April";"2 Qu 2018";"Apr 2018"
"121";"2018-05-01";"5";"2";"2018";"2018002";"2018005";"Mai";"2 Qu 2018";"Mai 2018"
"122";"2018-05-02";"5";"2";"2018";"2018002";"2018005";"Mai";"2 Qu 2018";"Mai 2018"
"123";"2018-05-03";"5";"2";"2018";"2018002";"2018005";"Mai";"2 Qu 2018";"Mai 2018"
"124";"2018-05-04";"5";"2";"2018";"2018002";"2018005";"Mai";"2 Qu 2018";"Mai 2018"
"125";"2018-05-05";"5";"2";"2018";"2018002";"2018005";"Mai";"2 Qu 2018";"Mai 2018"
"126";"2018-05-06";"5";"2";"2018";"2018002";"2018005";"Mai";"2 Qu 2018";"Mai 2018"
"127";"2018-05-07";"5";"2";"2018";"2018002";"2018005";"Mai";"2 Qu 2018";"Mai 2018"
"128";"2018-05-08";"5";"2";"2018";"2018002";"2018005";"Mai";"2 Qu 2018";"Mai 2018"
"129";"2018-05-09";"5";"2";"2018";"2018002";"2018005";"Mai";"2 Qu 2018";"Mai 2018"
"130";"2018-05-10";"5";"2";"2018";"2018002";"2018005";"Mai";"2 Qu 2018";"Mai 2018"
"131";"2018-05-11";"5";"2";"2018";"2018002";"2018005";"Mai";"2 Qu 2018";"Mai 2018"
"132";"2018-05-12";"5";"2";"2018";"2018002";"2018005";"Mai";"2 Qu 2018";"Mai 2018"
"133";"2018-05-13";"5";"2";"2018";"2018002";"2018005";"Mai";"2 Qu 2018";"Mai 2018"
"134";"2018-05-14";"5";"2";"2018";"2018002";"2018005";"Mai";"2 Qu 2018";"Mai 2018"
"135";"2018-05-15";"5";"2";"2018";"2018002";"2018005";"Mai";"2 Qu 2018";"Mai 2018"
"136";"2018-05-16";"5";"2";"2018";"2018002";"2018005";"Mai";"2 Qu 2018";"Mai 2018"
"137";"2018-05-17";"5";"2";"2018";"2018002";"2018005";"Mai";"2 Qu 2018";"Mai 2018"
"138";"2018-05-18";"5";"2";"2018";"2018002";"2018005";"Mai";"2 Qu 2018";"Mai 2018"
"139";"2018-05-19";"5";"2";"2018";"2018002";"2018005";"Mai";"2 Qu 2018";"Mai 2018"
"140";"2018-05-20";"5";"2";"2018";"2018002";"2018005";"Mai";"2 Qu 2018";"Mai 2018"
"141";"2018-05-21";"5";"2";"2018";"2018002";"2018005";"Mai";"2 Qu 2018";"Mai 2018"
"142";"2018-05-22";"5";"2";"2018";"2018002";"2018005";"Mai";"2 Qu 2018";"Mai 2018"
"143";"2018-05-23";"5";"2";"2018";"2018002";"2018005";"Mai";"2 Qu 2018";"Mai 2018"
"144";"2018-05-24";"5";"2";"2018";"2018002";"2018005";"Mai";"2 Qu 2018";"Mai 2018"
"145";"2018-05-25";"5";"2";"2018";"2018002";"2018005";"Mai";"2 Qu 2018";"Mai 2018"
"146";"2018-05-26";"5";"2";"2018";"2018002";"2018005";"Mai";"2 Qu 2018";"Mai 2018"
"147";"2018-05-27";"5";"2";"2018";"2018002";"2018005";"Mai";"2 Qu 2018";"Mai 2018"
"148";"2018-05-28";"5";"2";"2018";"2018002";"2018005";"Mai";"2 Qu 2018";"Mai 2018"
"149";"2018-05-29";"5";"2";"2018";"2018002";"2018005";"Mai";"2 Qu 2018";"Mai 2018"
"150";"2018-05-30";"5";"2";"2018";"2018002";"2018005";"Mai";"2 Qu 2018";"Mai 2018"
"151";"2018-05-31";"5";"2";"2018";"2018002";"2018005";"Mai";"2 Qu 2018";"Mai 2018"
"152";"2018-06-01";"6";"2";"2018";"2018002";"2018006";"Juni";"2 Qu 2018";"Jun 2018"
"153";"2018-06-02";"6";"2";"2018";"2018002";"2018006";"Juni";"2 Qu 2018";"Jun 2018"
"154";"2018-06-03";"6";"2";"2018";"2018002";"2018006";"Juni";"2 Qu 2018";"Jun 2018"
"155";"2018-06-04";"6";"2";"2018";"2018002";"2018006";"Juni";"2 Qu 2018";"Jun 2018"
"156";"2018-06-05";"6";"2";"2018";"2018002";"2018006";"Juni";"2 Qu 2018";"Jun 2018"
"157";"2018-06-06";"6";"2";"2018";"2018002";"2018006";"Juni";"2 Qu 2018";"Jun 2018"
"158";"2018-06-07";"6";"2";"2018";"2018002";"2018006";"Juni";"2 Qu 2018";"Jun 2018"
"159";"2018-06-08";"6";"2";"2018";"2018002";"2018006";"Juni";"2 Qu 2018";"Jun 2018"
"160";"2018-06-09";"6";"2";"2018";"2018002";"2018006";"Juni";"2 Qu 2018";"Jun 2018"
"161";"2018-06-10";"6";"2";"2018";"2018002";"2018006";"Juni";"2 Qu 2018";"Jun 2018"
"162";"2018-06-11";"6";"2";"2018";"2018002";"2018006";"Juni";"2 Qu 2018";"Jun 2018"
"163";"2018-06-12";"6";"2";"2018";"2018002";"2018006";"Juni";"2 Qu 2018";"Jun 2018"
"164";"2018-06-13";"6";"2";"2018";"2018002";"2018006";"Juni";"2 Qu 2018";"Jun 2018"
"165";"2018-06-14";"6";"2";"2018";"2018002";"2018006";"Juni";"2 Qu 2018";"Jun 2018"
"166";"2018-06-15";"6";"2";"2018";"2018002";"2018006";"Juni";"2 Qu 2018";"Jun 2018"
"167";"2018-06-16";"6";"2";"2018";"2018002";"2018006";"Juni";"2 Qu 2018";"Jun 2018"
"168";"2018-06-17";"6";"2";"2018";"2018002";"2018006";"Juni";"2 Qu 2018";"Jun 2018"
"169";"2018-06-18";"6";"2";"2018";"2018002";"2018006";"Juni";"2 Qu 2018";"Jun 2018"
"170";"2018-06-19";"6";"2";"2018";"2018002";"2018006";"Juni";"2 Qu 2018";"Jun 2018"
"171";"2018-06-20";"6";"2";"2018";"2018002";"2018006";"Juni";"2 Qu 2018";"Jun 2018"
"172";"2018-06-21";"6";"2";"2018";"2018002";"2018006";"Juni";"2 Qu 2018";"Jun 2018"
"173";"2018-06-22";"6";"2";"2018";"2018002";"2018006";"Juni";"2 Qu 2018";"Jun 2018"
"174";"2018-06-23";"6";"2";"2018";"2018002";"2018006";"Juni";"2 Qu 2018";"Jun 2018"
"175";"2018-06-24";"6";"2";"2018";"2018002";"2018006";"Juni";"2 Qu 2018";"Jun 2018"
"176";"2018-06-25";"6";"2";"2018";"2018002";"2018006";"Juni";"2 Qu 2018";"Jun 2018"
"177";"2018-06-26";"6";"2";"2018";"2018002";"2018006";"Juni";"2 Qu 2018";"Jun 2018"
"178";"2018-06-27";"6";"2";"2018";"2018002";"2018006";"Juni";"2 Qu 2018";"Jun 2018"
"179";"2018-06-28";"6";"2";"2018";"2018002";"2018006";"Juni";"2 Qu 2018";"Jun 2018"
"180";"2018-06-29";"6";"2";"2018";"2018002";"2018006";"Juni";"2 Qu 2018";"Jun 2018"
"181";"2018-06-30";"6";"2";"2018";"2018002";"2018006";"Juni";"2 Qu 2018";"Jun 2018"
"182";"2018-07-01";"7";"3";"2018";"2018003";"2018007";"Juli";"3 Qu 2018";"Jul 2018"
"183";"2018-07-02";"7";"3";"2018";"2018003";"2018007";"Juli";"3 Qu 2018";"Jul 2018"
"184";"2018-07-03";"7";"3";"2018";"2018003";"2018007";"Juli";"3 Qu 2018";"Jul 2018"
"185";"2018-07-04";"7";"3";"2018";"2018003";"2018007";"Juli";"3 Qu 2018";"Jul 2018"
"186";"2018-07-05";"7";"3";"2018";"2018003";"2018007";"Juli";"3 Qu 2018";"Jul 2018"
"187";"2018-07-06";"7";"3";"2018";"2018003";"2018007";"Juli";"3 Qu 2018";"Jul 2018"
"188";"2018-07-07";"7";"3";"2018";"2018003";"2018007";"Juli";"3 Qu 2018";"Jul 2018"
"189";"2018-07-08";"7";"3";"2018";"2018003";"2018007";"Juli";"3 Qu 2018";"Jul 2018"
"190";"2018-07-09";"7";"3";"2018";"2018003";"2018007";"Juli";"3 Qu 2018";"Jul 2018"
"191";"2018-07-10";"7";"3";"2018";"2018003";"2018007";"Juli";"3 Qu 2018";"Jul 2018"
"192";"2018-07-11";"7";"3";"2018";"2018003";"2018007";"Juli";"3 Qu 2018";"Jul 2018"
"193";"2018-07-12";"7";"3";"2018";"2018003";"2018007";"Juli";"3 Qu 2018";"Jul 2018"
"194";"2018-07-13";"7";"3";"2018";"2018003";"2018007";"Juli";"3 Qu 2018";"Jul 2018"
"195";"2018-07-14";"7";"3";"2018";"2018003";"2018007";"Juli";"3 Qu 2018";"Jul 2018"
"196";"2018-07-15";"7";"3";"2018";"2018003";"2018007";"Juli";"3 Qu 2018";"Jul 2018"
"197";"2018-07-16";"7";"3";"2018";"2018003";"2018007";"Juli";"3 Qu 2018";"Jul 2018"
"198";"2018-07-17";"7";"3";"2018";"2018003";"2018007";"Juli";"3 Qu 2018";"Jul 2018"
"199";"2018-07-18";"7";"3";"2018";"2018003";"2018007";"Juli";"3 Qu 2018";"Jul 2018"
"200";"2018-07-19";"7";"3";"2018";"2018003";"2018007";"Juli";"3 Qu 2018";"Jul 2018"
"201";"2018-07-20";"7";"3";"2018";"2018003";"2018007";"Juli";"3 Qu 2018";"Jul 2018"
"202";"2018-07-21";"7";"3";"2018";"2018003";"2018007";"Juli";"3 Qu 2018";"Jul 2018"
"203";"2018-07-22";"7";"3";"2018";"2018003";"2018007";"Juli";"3 Qu 2018";"Jul 2018"
"204";"2018-07-23";"7";"3";"2018";"2018003";"2018007";"Juli";"3 Qu 2018";"Jul 2018"
"205";"2018-07-24";"7";"3";"2018";"2018003";"2018007";"Juli";"3 Qu 2018";"Jul 2018"
"206";"2018-07-25";"7";"3";"2018";"2018003";"2018007";"Juli";"3 Qu 2018";"Jul 2018"
"207";"2018-07-26";"7";"3";"2018";"2018003";"2018007";"Juli";"3 Qu 2018";"Jul 2018"
"208";"2018-07-27";"7";"3";"2018";"2018003";"2018007";"Juli";"3 Qu 2018";"Jul 2018"
"209";"2018-07-28";"7";"3";"2018";"2018003";"2018007";"Juli";"3 Qu 2018";"Jul 2018"
"210";"2018-07-29";"7";"3";"2018";"2018003";"2018007";"Juli";"3 Qu 2018";"Jul 2018"
"211";"2018-07-30";"7";"3";"2018";"2018003";"2018007";"Juli";"3 Qu 2018";"Jul 2018"
"212";"2018-07-31";"7";"3";"2018";"2018003";"2018007";"Juli";"3 Qu 2018";"Jul 2018"
"213";"2018-08-01";"8";"3";"2018";"2018003";"2018008";"August";"3 Qu 2018";"Aug 2018"
"214";"2018-08-02";"8";"3";"2018";"2018003";"2018008";"August";"3 Qu 2018";"Aug 2018"
"215";"2018-08-03";"8";"3";"2018";"2018003";"2018008";"August";"3 Qu 2018";"Aug 2018"
"216";"2018-08-04";"8";"3";"2018";"2018003";"2018008";"August";"3 Qu 2018";"Aug 2018"
"217";"2018-08-05";"8";"3";"2018";"2018003";"2018008";"August";"3 Qu 2018";"Aug 2018"
"218";"2018-08-06";"8";"3";"2018";"2018003";"2018008";"August";"3 Qu 2018";"Aug 2018"
"219";"2018-08-07";"8";"3";"2018";"2018003";"2018008";"August";"3 Qu 2018";"Aug 2018"
"220";"2018-08-08";"8";"3";"2018";"2018003";"2018008";"August";"3 Qu 2018";"Aug 2018"
"221";"2018-08-09";"8";"3";"2018";"2018003";"2018008";"August";"3 Qu 2018";"Aug 2018"
"222";"2018-08-10";"8";"3";"2018";"2018003";"2018008";"August";"3 Qu 2018";"Aug 2018"
"223";"2018-08-11";"8";"3";"2018";"2018003";"2018008";"August";"3 Qu 2018";"Aug 2018"
"224";"2018-08-12";"8";"3";"2018";"2018003";"2018008";"August";"3 Qu 2018";"Aug 2018"
"225";"2018-08-13";"8";"3";"2018";"2018003";"2018008";"August";"3 Qu 2018";"Aug 2018"
"226";"2018-08-14";"8";"3";"2018";"2018003";"2018008";"August";"3 Qu 2018";"Aug 2018"
"227";"2018-08-15";"8";"3";"2018";"2018003";"2018008";"August";"3 Qu 2018";"Aug 2018"
"228";"2018-08-16";"8";"3";"2018";"2018003";"2018008";"August";"3 Qu 2018";"Aug 2018"
"229";"2018-08-17";"8";"3";"2018";"2018003";"2018008";"August";"3 Qu 2018";"Aug 2018"
"230";"2018-08-18";"8";"3";"2018";"2018003";"2018008";"August";"3 Qu 2018";"Aug 2018"
"231";"2018-08-19";"8";"3";"2018";"2018003";"2018008";"August";"3 Qu 2018";"Aug 2018"
"232";"2018-08-20";"8";"3";"2018";"2018003";"2018008";"August";"3 Qu 2018";"Aug 2018"
"233";"2018-08-21";"8";"3";"2018";"2018003";"2018008";"August";"3 Qu 2018";"Aug 2018"
"234";"2018-08-22";"8";"3";"2018";"2018003";"2018008";"August";"3 Qu 2018";"Aug 2018"
"235";"2018-08-23";"8";"3";"2018";"2018003";"2018008";"August";"3 Qu 2018";"Aug 2018"
"236";"2018-08-24";"8";"3";"2018";"2018003";"2018008";"August";"3 Qu 2018";"Aug 2018"
"237";"2018-08-25";"8";"3";"2018";"2018003";"2018008";"August";"3 Qu 2018";"Aug 2018"
"238";"2018-08-26";"8";"3";"2018";"2018003";"2018008";"August";"3 Qu 2018";"Aug 2018"
"239";"2018-08-27";"8";"3";"2018";"2018003";"2018008";"August";"3 Qu 2018";"Aug 2018"
"240";"2018-08-28";"8";"3";"2018";"2018003";"2018008";"August";"3 Qu 2018";"Aug 2018"
"241";"2018-08-29";"8";"3";"2018";"2018003";"2018008";"August";"3 Qu 2018";"Aug 2018"
"242";"2018-08-30";"8";"3";"2018";"2018003";"2018008";"August";"3 Qu 2018";"Aug 2018"
"243";"2018-08-31";"8";"3";"2018";"2018003";"2018008";"August";"3 Qu 2018";"Aug 2018"
"244";"2018-09-01";"9";"3";"2018";"2018003";"2018009";"September";"3 Qu 2018";"Sep 2018"
"245";"2018-09-02";"9";"3";"2018";"2018003";"2018009";"September";"3 Qu 2018";"Sep 2018"
"246";"2018-09-03";"9";"3";"2018";"2018003";"2018009";"September";"3 Qu 2018";"Sep 2018"
"247";"2018-09-04";"9";"3";"2018";"2018003";"2018009";"September";"3 Qu 2018";"Sep 2018"
"248";"2018-09-05";"9";"3";"2018";"2018003";"2018009";"September";"3 Qu 2018";"Sep 2018"
"249";"2018-09-06";"9";"3";"2018";"2018003";"2018009";"September";"3 Qu 2018";"Sep 2018"
"250";"2018-09-07";"9";"3";"2018";"2018003";"2018009";"September";"3 Qu 2018";"Sep 2018"
"251";"2018-09-08";"9";"3";"2018";"2018003";"2018009";"September";"3 Qu 2018";"Sep 2018"
"252";"2018-09-09";"9";"3";"2018";"2018003";"2018009";"September";"3 Qu 2018";"Sep 2018"
"253";"2018-09-10";"9";"3";"2018";"2018003";"2018009";"September";"3 Qu 2018";"Sep 2018"
"254";"2018-09-11";"9";"3";"2018";"2018003";"2018009";"September";"3 Qu 2018";"Sep 2018"
"255";"2018-09-12";"9";"3";"2018";"2018003";"2018009";"September";"3 Qu 2018";"Sep 2018"
"256";"2018-09-13";"9";"3";"2018";"2018003";"2018009";"September";"3 Qu 2018";"Sep 2018"
"257";"2018-09-14";"9";"3";"2018";"2018003";"2018009";"September";"3 Qu 2018";"Sep 2018"
"258";"2018-09-15";"9";"3";"2018";"2018003";"2018009";"September";"3 Qu 2018";"Sep 2018"
"259";"2018-09-16";"9";"3";"2018";"2018003";"2018009";"September";"3 Qu 2018";"Sep 2018"
"260";"2018-09-17";"9";"3";"2018";"2018003";"2018009";"September";"3 Qu 2018";"Sep 2018"
"261";"2018-09-18";"9";"3";"2018";"2018003";"2018009";"September";"3 Qu 2018";"Sep 2018"
"262";"2018-09-19";"9";"3";"2018";"2018003";"2018009";"September";"3 Qu 2018";"Sep 2018"
"263";"2018-09-20";"9";"3";"2018";"2018003";"2018009";"September";"3 Qu 2018";"Sep 2018"
"264";"2018-09-21";"9";"3";"2018";"2018003";"2018009";"September";"3 Qu 2018";"Sep 2018"
"265";"2018-09-22";"9";"3";"2018";"2018003";"2018009";"September";"3 Qu 2018";"Sep 2018"
"266";"2018-09-23";"9";"3";"2018";"2018003";"2018009";"September";"3 Qu 2018";"Sep 2018"
"267";"2018-09-24";"9";"3";"2018";"2018003";"2018009";"September";"3 Qu 2018";"Sep 2018"
"268";"2018-09-25";"9";"3";"2018";"2018003";"2018009";"September";"3 Qu 2018";"Sep 2018"
"269";"2018-09-26";"9";"3";"2018";"2018003";"2018009";"September";"3 Qu 2018";"Sep 2018"
"270";"2018-09-27";"9";"3";"2018";"2018003";"2018009";"September";"3 Qu 2018";"Sep 2018"
"271";"2018-09-28";"9";"3";"2018";"2018003";"2018009";"September";"3 Qu 2018";"Sep 2018"
"272";"2018-09-29";"9";"3";"2018";"2018003";"2018009";"September";"3 Qu 2018";"Sep 2018"
"273";"2018-09-30";"9";"3";"2018";"2018003";"2018009";"September";"3 Qu 2018";"Sep 2018"
"274";"2018-10-01";"10";"4";"2018";"2018004";"2018010";"Oktober";"4 Qu 2018";"Okt 2018"
"275";"2018-10-02";"10";"4";"2018";"2018004";"2018010";"Oktober";"4 Qu 2018";"Okt 2018"
"276";"2018-10-03";"10";"4";"2018";"2018004";"2018010";"Oktober";"4 Qu 2018";"Okt 2018"
"277";"2018-10-04";"10";"4";"2018";"2018004";"2018010";"Oktober";"4 Qu 2018";"Okt 2018"
"278";"2018-10-05";"10";"4";"2018";"2018004";"2018010";"Oktober";"4 Qu 2018";"Okt 2018"
"279";"2018-10-06";"10";"4";"2018";"2018004";"2018010";"Oktober";"4 Qu 2018";"Okt 2018"
"280";"2018-10-07";"10";"4";"2018";"2018004";"2018010";"Oktober";"4 Qu 2018";"Okt 2018"
"281";"2018-10-08";"10";"4";"2018";"2018004";"2018010";"Oktober";"4 Qu 2018";"Okt 2018"
"282";"2018-10-09";"10";"4";"2018";"2018004";"2018010";"Oktober";"4 Qu 2018";"Okt 2018"
"283";"2018-10-10";"10";"4";"2018";"2018004";"2018010";"Oktober";"4 Qu 2018";"Okt 2018"
"284";"2018-10-11";"10";"4";"2018";"2018004";"2018010";"Oktober";"4 Qu 2018";"Okt 2018"
"285";"2018-10-12";"10";"4";"2018";"2018004";"2018010";"Oktober";"4 Qu 2018";"Okt 2018"
"286";"2018-10-13";"10";"4";"2018";"2018004";"2018010";"Oktober";"4 Qu 2018";"Okt 2018"
"287";"2018-10-14";"10";"4";"2018";"2018004";"2018010";"Oktober";"4 Qu 2018";"Okt 2018"
"288";"2018-10-15";"10";"4";"2018";"2018004";"2018010";"Oktober";"4 Qu 2018";"Okt 2018"
"289";"2018-10-16";"10";"4";"2018";"2018004";"2018010";"Oktober";"4 Qu 2018";"Okt 2018"
"290";"2018-10-17";"10";"4";"2018";"2018004";"2018010";"Oktober";"4 Qu 2018";"Okt 2018"
"291";"2018-10-18";"10";"4";"2018";"2018004";"2018010";"Oktober";"4 Qu 2018";"Okt 2018"
"292";"2018-10-19";"10";"4";"2018";"2018004";"2018010";"Oktober";"4 Qu 2018";"Okt 2018"
"293";"2018-10-20";"10";"4";"2018";"2018004";"2018010";"Oktober";"4 Qu 2018";"Okt 2018"
"294";"2018-10-21";"10";"4";"2018";"2018004";"2018010";"Oktober";"4 Qu 2018";"Okt 2018"
"295";"2018-10-22";"10";"4";"2018";"2018004";"2018010";"Oktober";"4 Qu 2018";"Okt 2018"
"296";"2018-10-23";"10";"4";"2018";"2018004";"2018010";"Oktober";"4 Qu 2018";"Okt 2018"
"297";"2018-10-24";"10";"4";"2018";"2018004";"2018010";"Oktober";"4 Qu 2018";"Okt 2018"
"298";"2018-10-25";"10";"4";"2018";"2018004";"2018010";"Oktober";"4 Qu 2018";"Okt 2018"
"299";"2018-10-26";"10";"4";"2018";"2018004";"2018010";"Oktober";"4 Qu 2018";"Okt 2018"
"300";"2018-10-27";"10";"4";"2018";"2018004";"2018010";"Oktober";"4 Qu 2018";"Okt 2018"
"301";"2018-10-28";"10";"4";"2018";"2018004";"2018010";"Oktober";"4 Qu 2018";"Okt 2018"
"302";"2018-10-29";"10";"4";"2018";"2018004";"2018010";"Oktober";"4 Qu 2018";"Okt 2018"
"303";"2018-10-30";"10";"4";"2018";"2018004";"2018010";"Oktober";"4 Qu 2018";"Okt 2018"
"304";"2018-10-31";"10";"4";"2018";"2018004";"2018010";"Oktober";"4 Qu 2018";"Okt 2018"
"305";"2018-11-01";"11";"4";"2018";"2018004";"2018011";"November";"4 Qu 2018";"Nov 2018"
"306";"2018-11-02";"11";"4";"2018";"2018004";"2018011";"November";"4 Qu 2018";"Nov 2018"
"307";"2018-11-03";"11";"4";"2018";"2018004";"2018011";"November";"4 Qu 2018";"Nov 2018"
"308";"2018-11-04";"11";"4";"2018";"2018004";"2018011";"November";"4 Qu 2018";"Nov 2018"
"309";"2018-11-05";"11";"4";"2018";"2018004";"2018011";"November";"4 Qu 2018";"Nov 2018"
"310";"2018-11-06";"11";"4";"2018";"2018004";"2018011";"November";"4 Qu 2018";"Nov 2018"
"311";"2018-11-07";"11";"4";"2018";"2018004";"2018011";"November";"4 Qu 2018";"Nov 2018"
"312";"2018-11-08";"11";"4";"2018";"2018004";"2018011";"November";"4 Qu 2018";"Nov 2018"
"313";"2018-11-09";"11";"4";"2018";"2018004";"2018011";"November";"4 Qu 2018";"Nov 2018"
"314";"2018-11-10";"11";"4";"2018";"2018004";"2018011";"November";"4 Qu 2018";"Nov 2018"
"315";"2018-11-11";"11";"4";"2018";"2018004";"2018011";"November";"4 Qu 2018";"Nov 2018"
"316";"2018-11-12";"11";"4";"2018";"2018004";"2018011";"November";"4 Qu 2018";"Nov 2018"
"317";"2018-11-13";"11";"4";"2018";"2018004";"2018011";"November";"4 Qu 2018";"Nov 2018"
"318";"2018-11-14";"11";"4";"2018";"2018004";"2018011";"November";"4 Qu 2018";"Nov 2018"
"319";"2018-11-15";"11";"4";"2018";"2018004";"2018011";"November";"4 Qu 2018";"Nov 2018"
"320";"2018-11-16";"11";"4";"2018";"2018004";"2018011";"November";"4 Qu 2018";"Nov 2018"
"321";"2018-11-17";"11";"4";"2018";"2018004";"2018011";"November";"4 Qu 2018";"Nov 2018"
"322";"2018-11-18";"11";"4";"2018";"2018004";"2018011";"November";"4 Qu 2018";"Nov 2018"
"323";"2018-11-19";"11";"4";"2018";"2018004";"2018011";"November";"4 Qu 2018";"Nov 2018"
"324";"2018-11-20";"11";"4";"2018";"2018004";"2018011";"November";"4 Qu 2018";"Nov 2018"
"325";"2018-11-21";"11";"4";"2018";"2018004";"2018011";"November";"4 Qu 2018";"Nov 2018"
"326";"2018-11-22";"11";"4";"2018";"2018004";"2018011";"November";"4 Qu 2018";"Nov 2018"
"327";"2018-11-23";"11";"4";"2018";"2018004";"2018011";"November";"4 Qu 2018";"Nov 2018"
"328";"2018-11-24";"11";"4";"2018";"2018004";"2018011";"November";"4 Qu 2018";"Nov 2018"
"329";"2018-11-25";"11";"4";"2018";"2018004";"2018011";"November";"4 Qu 2018";"Nov 2018"
"330";"2018-11-26";"11";"4";"2018";"2018004";"2018011";"November";"4 Qu 2018";"Nov 2018"
"331";"2018-11-27";"11";"4";"2018";"2018004";"2018011";"November";"4 Qu 2018";"Nov 2018"
"332";"2018-11-28";"11";"4";"2018";"2018004";"2018011";"November";"4 Qu 2018";"Nov 2018"
"333";"2018-11-29";"11";"4";"2018";"2018004";"2018011";"November";"4 Qu 2018";"Nov 2018"
"334";"2018-11-30";"11";"4";"2018";"2018004";"2018011";"November";"4 Qu 2018";"Nov 2018"
"335";"2018-12-01";"12";"4";"2018";"2018004";"2018012";"Dezember";"4 Qu 2018";"Dez 2018"
"336";"2018-12-02";"12";"4";"2018";"2018004";"2018012";"Dezember";"4 Qu 2018";"Dez 2018"
"337";"2018-12-03";"12";"4";"2018";"2018004";"2018012";"Dezember";"4 Qu 2018";"Dez 2018"
"338";"2018-12-04";"12";"4";"2018";"2018004";"2018012";"Dezember";"4 Qu 2018";"Dez 2018"
"339";"2018-12-05";"12";"4";"2018";"2018004";"2018012";"Dezember";"4 Qu 2018";"Dez 2018"
"340";"2018-12-06";"12";"4";"2018";"2018004";"2018012";"Dezember";"4 Qu 2018";"Dez 2018"
"341";"2018-12-07";"12";"4";"2018";"2018004";"2018012";"Dezember";"4 Qu 2018";"Dez 2018"
"342";"2018-12-08";"12";"4";"2018";"2018004";"2018012";"Dezember";"4 Qu 2018";"Dez 2018"
"343";"2018-12-09";"12";"4";"2018";"2018004";"2018012";"Dezember";"4 Qu 2018";"Dez 2018"
"344";"2018-12-10";"12";"4";"2018";"2018004";"2018012";"Dezember";"4 Qu 2018";"Dez 2018"
"345";"2018-12-11";"12";"4";"2018";"2018004";"2018012";"Dezember";"4 Qu 2018";"Dez 2018"
"346";"2018-12-12";"12";"4";"2018";"2018004";"2018012";"Dezember";"4 Qu 2018";"Dez 2018"
"347";"2018-12-13";"12";"4";"2018";"2018004";"2018012";"Dezember";"4 Qu 2018";"Dez 2018"
"348";"2018-12-14";"12";"4";"2018";"2018004";"2018012";"Dezember";"4 Qu 2018";"Dez 2018"
"349";"2018-12-15";"12";"4";"2018";"2018004";"2018012";"Dezember";"4 Qu 2018";"Dez 2018"
"350";"2018-12-16";"12";"4";"2018";"2018004";"2018012";"Dezember";"4 Qu 2018";"Dez 2018"
"351";"2018-12-17";"12";"4";"2018";"2018004";"2018012";"Dezember";"4 Qu 2018";"Dez 2018"
"352";"2018-12-18";"12";"4";"2018";"2018004";"2018012";"Dezember";"4 Qu 2018";"Dez 2018"
"353";"2018-12-19";"12";"4";"2018";"2018004";"2018012";"Dezember";"4 Qu 2018";"Dez 2018"
"354";"2018-12-20";"12";"4";"2018";"2018004";"2018012";"Dezember";"4 Qu 2018";"Dez 2018"
"355";"2018-12-21";"12";"4";"2018";"2018004";"2018012";"Dezember";"4 Qu 2018";"Dez 2018"
"356";"2018-12-22";"12";"4";"2018";"2018004";"2018012";"Dezember";"4 Qu 2018";"Dez 2018"
"357";"2018-12-23";"12";"4";"2018";"2018004";"2018012";"Dezember";"4 Qu 2018";"Dez 2018"
"358";"2018-12-24";"12";"4";"2018";"2018004";"2018012";"Dezember";"4 Qu 2018";"Dez 2018"
"359";"2018-12-25";"12";"4";"2018";"2018004";"2018012";"Dezember";"4 Qu 2018";"Dez 2018"
"360";"2018-12-26";"12";"4";"2018";"2018004";"2018012";"Dezember";"4 Qu 2018";"Dez 2018"
"361";"2018-12-27";"12";"4";"2018";"2018004";"2018012";"Dezember";"4 Qu 2018";"Dez 2018"
"362";"2018-12-28";"12";"4";"2018";"2018004";"2018012";"Dezember";"4 Qu 2018";"Dez 2018"
"363";"2018-12-29";"12";"4";"2018";"2018004";"2018012";"Dezember";"4 Qu 2018";"Dez 2018"
"364";"2018-12-30";"12";"4";"2018";"2018004";"2018012";"Dezember";"4 Qu 2018";"Dez 2018"
"365";"2018-12-31";"12";"4";"2018";"2018004";"2018012";"Dezember";"4 Qu 2018";"Dez 2018"
"366";"2019-01-01";"1";"1";"2019";"2019001";"2019001";"Januar";"1 Qu 2019";"Jan 2019"
"367";"2019-01-02";"1";"1";"2019";"2019001";"2019001";"Januar";"1 Qu 2019";"Jan 2019"
"368";"2019-01-03";"1";"1";"2019";"2019001";"2019001";"Januar";"1 Qu 2019";"Jan 2019"
"369";"2019-01-04";"1";"1";"2019";"2019001";"2019001";"Januar";"1 Qu 2019";"Jan 2019"
"370";"2019-01-05";"1";"1";"2019";"2019001";"2019001";"Januar";"1 Qu 2019";"Jan 2019"
"371";"2019-01-06";"1";"1";"2019";"2019001";"2019001";"Januar";"1 Qu 2019";"Jan 2019"
"372";"2019-01-07";"1";"1";"2019";"2019001";"2019001";"Januar";"1 Qu 2019";"Jan 2019"
"373";"2019-01-08";"1";"1";"2019";"2019001";"2019001";"Januar";"1 Qu 2019";"Jan 2019"
"374";"2019-01-09";"1";"1";"2019";"2019001";"2019001";"Januar";"1 Qu 2019";"Jan 2019"
"375";"2019-01-10";"1";"1";"2019";"2019001";"2019001";"Januar";"1 Qu 2019";"Jan 2019"
"376";"2019-01-11";"1";"1";"2019";"2019001";"2019001";"Januar";"1 Qu 2019";"Jan 2019"
"377";"2019-01-12";"1";"1";"2019";"2019001";"2019001";"Januar";"1 Qu 2019";"Jan 2019"
"378";"2019-01-13";"1";"1";"2019";"2019001";"2019001";"Januar";"1 Qu 2019";"Jan 2019"
"379";"2019-01-14";"1";"1";"2019";"2019001";"2019001";"Januar";"1 Qu 2019";"Jan 2019"
"380";"2019-01-15";"1";"1";"2019";"2019001";"2019001";"Januar";"1 Qu 2019";"Jan 2019"
"381";"2019-01-16";"1";"1";"2019";"2019001";"2019001";"Januar";"1 Qu 2019";"Jan 2019"
"382";"2019-01-17";"1";"1";"2019";"2019001";"2019001";"Januar";"1 Qu 2019";"Jan 2019"
"383";"2019-01-18";"1";"1";"2019";"2019001";"2019001";"Januar";"1 Qu 2019";"Jan 2019"
"384";"2019-01-19";"1";"1";"2019";"2019001";"2019001";"Januar";"1 Qu 2019";"Jan 2019"
"385";"2019-01-20";"1";"1";"2019";"2019001";"2019001";"Januar";"1 Qu 2019";"Jan 2019"
"386";"2019-01-21";"1";"1";"2019";"2019001";"2019001";"Januar";"1 Qu 2019";"Jan 2019"
"387";"2019-01-22";"1";"1";"2019";"2019001";"2019001";"Januar";"1 Qu 2019";"Jan 2019"
"388";"2019-01-23";"1";"1";"2019";"2019001";"2019001";"Januar";"1 Qu 2019";"Jan 2019"
"389";"2019-01-24";"1";"1";"2019";"2019001";"2019001";"Januar";"1 Qu 2019";"Jan 2019"
"390";"2019-01-25";"1";"1";"2019";"2019001";"2019001";"Januar";"1 Qu 2019";"Jan 2019"
"391";"2019-01-26";"1";"1";"2019";"2019001";"2019001";"Januar";"1 Qu 2019";"Jan 2019"
"392";"2019-01-27";"1";"1";"2019";"2019001";"2019001";"Januar";"1 Qu 2019";"Jan 2019"
"393";"2019-01-28";"1";"1";"2019";"2019001";"2019001";"Januar";"1 Qu 2019";"Jan 2019"
"394";"2019-01-29";"1";"1";"2019";"2019001";"2019001";"Januar";"1 Qu 2019";"Jan 2019"
"395";"2019-01-30";"1";"1";"2019";"2019001";"2019001";"Januar";"1 Qu 2019";"Jan 2019"
"396";"2019-01-31";"1";"1";"2019";"2019001";"2019001";"Januar";"1 Qu 2019";"Jan 2019"
"397";"2019-02-01";"2";"1";"2019";"2019001";"2019002";"Februar";"1 Qu 2019";"Feb 2019"
"398";"2019-02-02";"2";"1";"2019";"2019001";"2019002";"Februar";"1 Qu 2019";"Feb 2019"
"399";"2019-02-03";"2";"1";"2019";"2019001";"2019002";"Februar";"1 Qu 2019";"Feb 2019"
"400";"2019-02-04";"2";"1";"2019";"2019001";"2019002";"Februar";"1 Qu 2019";"Feb 2019"
"401";"2019-02-05";"2";"1";"2019";"2019001";"2019002";"Februar";"1 Qu 2019";"Feb 2019"
"402";"2019-02-06";"2";"1";"2019";"2019001";"2019002";"Februar";"1 Qu 2019";"Feb 2019"
"403";"2019-02-07";"2";"1";"2019";"2019001";"2019002";"Februar";"1 Qu 2019";"Feb 2019"
"404";"2019-02-08";"2";"1";"2019";"2019001";"2019002";"Februar";"1 Qu 2019";"Feb 2019"
"405";"2019-02-09";"2";"1";"2019";"2019001";"2019002";"Februar";"1 Qu 2019";"Feb 2019"
"406";"2019-02-10";"2";"1";"2019";"2019001";"2019002";"Februar";"1 Qu 2019";"Feb 2019"
"407";"2019-02-11";"2";"1";"2019";"2019001";"2019002";"Februar";"1 Qu 2019";"Feb 2019"
"408";"2019-02-12";"2";"1";"2019";"2019001";"2019002";"Februar";"1 Qu 2019";"Feb 2019"
"409";"2019-02-13";"2";"1";"2019";"2019001";"2019002";"Februar";"1 Qu 2019";"Feb 2019"
"410";"2019-02-14";"2";"1";"2019";"2019001";"2019002";"Februar";"1 Qu 2019";"Feb 2019"
"411";"2019-02-15";"2";"1";"2019";"2019001";"2019002";"Februar";"1 Qu 2019";"Feb 2019"
"412";"2019-02-16";"2";"1";"2019";"2019001";"2019002";"Februar";"1 Qu 2019";"Feb 2019"
"413";"2019-02-17";"2";"1";"2019";"2019001";"2019002";"Februar";"1 Qu 2019";"Feb 2019"
"414";"2019-02-18";"2";"1";"2019";"2019001";"2019002";"Februar";"1 Qu 2019";"Feb 2019"
"415";"2019-02-19";"2";"1";"2019";"2019001";"2019002";"Februar";"1 Qu 2019";"Feb 2019"
"416";"2019-02-20";"2";"1";"2019";"2019001";"2019002";"Februar";"1 Qu 2019";"Feb 2019"
"417";"2019-02-21";"2";"1";"2019";"2019001";"2019002";"Februar";"1 Qu 2019";"Feb 2019"
"418";"2019-02-22";"2";"1";"2019";"2019001";"2019002";"Februar";"1 Qu 2019";"Feb 2019"
"419";"2019-02-23";"2";"1";"2019";"2019001";"2019002";"Februar";"1 Qu 2019";"Feb 2019"
"420";"2019-02-24";"2";"1";"2019";"2019001";"2019002";"Februar";"1 Qu 2019";"Feb 2019"
"421";"2019-02-25";"2";"1";"2019";"2019001";"2019002";"Februar";"1 Qu 2019";"Feb 2019"
"422";"2019-02-26";"2";"1";"2019";"2019001";"2019002";"Februar";"1 Qu 2019";"Feb 2019"
"423";"2019-02-27";"2";"1";"2019";"2019001";"2019002";"Februar";"1 Qu 2019";"Feb 2019"
"424";"2019-02-28";"2";"1";"2019";"2019001";"2019002";"Februar";"1 Qu 2019";"Feb 2019"
"425";"2019-03-01";"3";"1";"2019";"2019001";"2019003";"März";"1 Qu 2019";"Mär 2019"
"426";"2019-03-02";"3";"1";"2019";"2019001";"2019003";"März";"1 Qu 2019";"Mär 2019"
"427";"2019-03-03";"3";"1";"2019";"2019001";"2019003";"März";"1 Qu 2019";"Mär 2019"
"428";"2019-03-04";"3";"1";"2019";"2019001";"2019003";"März";"1 Qu 2019";"Mär 2019"
"429";"2019-03-05";"3";"1";"2019";"2019001";"2019003";"März";"1 Qu 2019";"Mär 2019"
"430";"2019-03-06";"3";"1";"2019";"2019001";"2019003";"März";"1 Qu 2019";"Mär 2019"
"431";"2019-03-07";"3";"1";"2019";"2019001";"2019003";"März";"1 Qu 2019";"Mär 2019"
"432";"2019-03-08";"3";"1";"2019";"2019001";"2019003";"März";"1 Qu 2019";"Mär 2019"
"433";"2019-03-09";"3";"1";"2019";"2019001";"2019003";"März";"1 Qu 2019";"Mär 2019"
"434";"2019-03-10";"3";"1";"2019";"2019001";"2019003";"März";"1 Qu 2019";"Mär 2019"
"435";"2019-03-11";"3";"1";"2019";"2019001";"2019003";"März";"1 Qu 2019";"Mär 2019"
"436";"2019-03-12";"3";"1";"2019";"2019001";"2019003";"März";"1 Qu 2019";"Mär 2019"
"437";"2019-03-13";"3";"1";"2019";"2019001";"2019003";"März";"1 Qu 2019";"Mär 2019"
"438";"2019-03-14";"3";"1";"2019";"2019001";"2019003";"März";"1 Qu 2019";"Mär 2019"
"439";"2019-03-15";"3";"1";"2019";"2019001";"2019003";"März";"1 Qu 2019";"Mär 2019"
"440";"2019-03-16";"3";"1";"2019";"2019001";"2019003";"März";"1 Qu 2019";"Mär 2019"
"441";"2019-03-17";"3";"1";"2019";"2019001";"2019003";"März";"1 Qu 2019";"Mär 2019"
"442";"2019-03-18";"3";"1";"2019";"2019001";"2019003";"März";"1 Qu 2019";"Mär 2019"
"443";"2019-03-19";"3";"1";"2019";"2019001";"2019003";"März";"1 Qu 2019";"Mär 2019"
"444";"2019-03-20";"3";"1";"2019";"2019001";"2019003";"März";"1 Qu 2019";"Mär 2019"
"445";"2019-03-21";"3";"1";"2019";"2019001";"2019003";"März";"1 Qu 2019";"Mär 2019"
"446";"2019-03-22";"3";"1";"2019";"2019001";"2019003";"März";"1 Qu 2019";"Mär 2019"
"447";"2019-03-23";"3";"1";"2019";"2019001";"2019003";"März";"1 Qu 2019";"Mär 2019"
"448";"2019-03-24";"3";"1";"2019";"2019001";"2019003";"März";"1 Qu 2019";"Mär 2019"
"449";"2019-03-25";"3";"1";"2019";"2019001";"2019003";"März";"1 Qu 2019";"Mär 2019"
"450";"2019-03-26";"3";"1";"2019";"2019001";"2019003";"März";"1 Qu 2019";"Mär 2019"
"451";"2019-03-27";"3";"1";"2019";"2019001";"2019003";"März";"1 Qu 2019";"Mär 2019"
"452";"2019-03-28";"3";"1";"2019";"2019001";"2019003";"März";"1 Qu 2019";"Mär 2019"
"453";"2019-03-29";"3";"1";"2019";"2019001";"2019003";"März";"1 Qu 2019";"Mär 2019"
"454";"2019-03-30";"3";"1";"2019";"2019001";"2019003";"März";"1 Qu 2019";"Mär 2019"
"455";"2019-03-31";"3";"1";"2019";"2019001";"2019003";"März";"1 Qu 2019";"Mär 2019"
"456";"2019-04-01";"4";"2";"2019";"2019002";"2019004";"April";"2 Qu 2019";"Apr 2019"
"457";"2019-04-02";"4";"2";"2019";"2019002";"2019004";"April";"2 Qu 2019";"Apr 2019"
"458";"2019-04-03";"4";"2";"2019";"2019002";"2019004";"April";"2 Qu 2019";"Apr 2019"
"459";"2019-04-04";"4";"2";"2019";"2019002";"2019004";"April";"2 Qu 2019";"Apr 2019"
"460";"2019-04-05";"4";"2";"2019";"2019002";"2019004";"April";"2 Qu 2019";"Apr 2019"
"461";"2019-04-06";"4";"2";"2019";"2019002";"2019004";"April";"2 Qu 2019";"Apr 2019"
"462";"2019-04-07";"4";"2";"2019";"2019002";"2019004";"April";"2 Qu 2019";"Apr 2019"
"463";"2019-04-08";"4";"2";"2019";"2019002";"2019004";"April";"2 Qu 2019";"Apr 2019"
"464";"2019-04-09";"4";"2";"2019";"2019002";"2019004";"April";"2 Qu 2019";"Apr 2019"
"465";"2019-04-10";"4";"2";"2019";"2019002";"2019004";"April";"2 Qu 2019";"Apr 2019"
"466";"2019-04-11";"4";"2";"2019";"2019002";"2019004";"April";"2 Qu 2019";"Apr 2019"
"467";"2019-04-12";"4";"2";"2019";"2019002";"2019004";"April";"2 Qu 2019";"Apr 2019"
"468";"2019-04-13";"4";"2";"2019";"2019002";"2019004";"April";"2 Qu 2019";"Apr 2019"
"469";"2019-04-14";"4";"2";"2019";"2019002";"2019004";"April";"2 Qu 2019";"Apr 2019"
"470";"2019-04-15";"4";"2";"2019";"2019002";"2019004";"April";"2 Qu 2019";"Apr 2019"
"471";"2019-04-16";"4";"2";"2019";"2019002";"2019004";"April";"2 Qu 2019";"Apr 2019"
"472";"2019-04-17";"4";"2";"2019";"2019002";"2019004";"April";"2 Qu 2019";"Apr 2019"
"473";"2019-04-18";"4";"2";"2019";"2019002";"2019004";"April";"2 Qu 2019";"Apr 2019"
"474";"2019-04-19";"4";"2";"2019";"2019002";"2019004";"April";"2 Qu 2019";"Apr 2019"
"475";"2019-04-20";"4";"2";"2019";"2019002";"2019004";"April";"2 Qu 2019";"Apr 2019"
"476";"2019-04-21";"4";"2";"2019";"2019002";"2019004";"April";"2 Qu 2019";"Apr 2019"
"477";"2019-04-22";"4";"2";"2019";"2019002";"2019004";"April";"2 Qu 2019";"Apr 2019"
"478";"2019-04-23";"4";"2";"2019";"2019002";"2019004";"April";"2 Qu 2019";"Apr 2019"
"479";"2019-04-24";"4";"2";"2019";"2019002";"2019004";"April";"2 Qu 2019";"Apr 2019"
"480";"2019-04-25";"4";"2";"2019";"2019002";"2019004";"April";"2 Qu 2019";"Apr 2019"
"481";"2019-04-26";"4";"2";"2019";"2019002";"2019004";"April";"2 Qu 2019";"Apr 2019"
"482";"2019-04-27";"4";"2";"2019";"2019002";"2019004";"April";"2 Qu 2019";"Apr 2019"
"483";"2019-04-28";"4";"2";"2019";"2019002";"2019004";"April";"2 Qu 2019";"Apr 2019"
"484";"2019-04-29";"4";"2";"2019";"2019002";"2019004";"April";"2 Qu 2019";"Apr 2019"
"485";"2019-04-30";"4";"2";"2019";"2019002";"2019004";"April";"2 Qu 2019";"Apr 2019"
"486";"2019-05-01";"5";"2";"2019";"2019002";"2019005";"Mai";"2 Qu 2019";"Mai 2019"
"487";"2019-05-02";"5";"2";"2019";"2019002";"2019005";"Mai";"2 Qu 2019";"Mai 2019"
"488";"2019-05-03";"5";"2";"2019";"2019002";"2019005";"Mai";"2 Qu 2019";"Mai 2019"
"489";"2019-05-04";"5";"2";"2019";"2019002";"2019005";"Mai";"2 Qu 2019";"Mai 2019"
"490";"2019-05-05";"5";"2";"2019";"2019002";"2019005";"Mai";"2 Qu 2019";"Mai 2019"
"491";"2019-05-06";"5";"2";"2019";"2019002";"2019005";"Mai";"2 Qu 2019";"Mai 2019"
"492";"2019-05-07";"5";"2";"2019";"2019002";"2019005";"Mai";"2 Qu 2019";"Mai 2019"
"493";"2019-05-08";"5";"2";"2019";"2019002";"2019005";"Mai";"2 Qu 2019";"Mai 2019"
"494";"2019-05-09";"5";"2";"2019";"2019002";"2019005";"Mai";"2 Qu 2019";"Mai 2019"
"495";"2019-05-10";"5";"2";"2019";"2019002";"2019005";"Mai";"2 Qu 2019";"Mai 2019"
"496";"2019-05-11";"5";"2";"2019";"2019002";"2019005";"Mai";"2 Qu 2019";"Mai 2019"
"497";"2019-05-12";"5";"2";"2019";"2019002";"2019005";"Mai";"2 Qu 2019";"Mai 2019"
"498";"2019-05-13";"5";"2";"2019";"2019002";"2019005";"Mai";"2 Qu 2019";"Mai 2019"
"499";"2019-05-14";"5";"2";"2019";"2019002";"2019005";"Mai";"2 Qu 2019";"Mai 2019"
"500";"2019-05-15";"5";"2";"2019";"2019002";"2019005";"Mai";"2 Qu 2019";"Mai 2019"
"501";"2019-05-16";"5";"2";"2019";"2019002";"2019005";"Mai";"2 Qu 2019";"Mai 2019"
"502";"2019-05-17";"5";"2";"2019";"2019002";"2019005";"Mai";"2 Qu 2019";"Mai 2019"
"503";"2019-05-18";"5";"2";"2019";"2019002";"2019005";"Mai";"2 Qu 2019";"Mai 2019"
"504";"2019-05-19";"5";"2";"2019";"2019002";"2019005";"Mai";"2 Qu 2019";"Mai 2019"
"505";"2019-05-20";"5";"2";"2019";"2019002";"2019005";"Mai";"2 Qu 2019";"Mai 2019"
"506";"2019-05-21";"5";"2";"2019";"2019002";"2019005";"Mai";"2 Qu 2019";"Mai 2019"
"507";"2019-05-22";"5";"2";"2019";"2019002";"2019005";"Mai";"2 Qu 2019";"Mai 2019"
"508";"2019-05-23";"5";"2";"2019";"2019002";"2019005";"Mai";"2 Qu 2019";"Mai 2019"
"509";"2019-05-24";"5";"2";"2019";"2019002";"2019005";"Mai";"2 Qu 2019";"Mai 2019"
"510";"2019-05-25";"5";"2";"2019";"2019002";"2019005";"Mai";"2 Qu 2019";"Mai 2019"
"511";"2019-05-26";"5";"2";"2019";"2019002";"2019005";"Mai";"2 Qu 2019";"Mai 2019"
"512";"2019-05-27";"5";"2";"2019";"2019002";"2019005";"Mai";"2 Qu 2019";"Mai 2019"
"513";"2019-05-28";"5";"2";"2019";"2019002";"2019005";"Mai";"2 Qu 2019";"Mai 2019"
"514";"2019-05-29";"5";"2";"2019";"2019002";"2019005";"Mai";"2 Qu 2019";"Mai 2019"
"515";"2019-05-30";"5";"2";"2019";"2019002";"2019005";"Mai";"2 Qu 2019";"Mai 2019"
"516";"2019-05-31";"5";"2";"2019";"2019002";"2019005";"Mai";"2 Qu 2019";"Mai 2019"
"517";"2019-06-01";"6";"2";"2019";"2019002";"2019006";"Juni";"2 Qu 2019";"Jun 2019"
"518";"2019-06-02";"6";"2";"2019";"2019002";"2019006";"Juni";"2 Qu 2019";"Jun 2019"
"519";"2019-06-03";"6";"2";"2019";"2019002";"2019006";"Juni";"2 Qu 2019";"Jun 2019"
"520";"2019-06-04";"6";"2";"2019";"2019002";"2019006";"Juni";"2 Qu 2019";"Jun 2019"
"521";"2019-06-05";"6";"2";"2019";"2019002";"2019006";"Juni";"2 Qu 2019";"Jun 2019"
"522";"2019-06-06";"6";"2";"2019";"2019002";"2019006";"Juni";"2 Qu 2019";"Jun 2019"
"523";"2019-06-07";"6";"2";"2019";"2019002";"2019006";"Juni";"2 Qu 2019";"Jun 2019"
"524";"2019-06-08";"6";"2";"2019";"2019002";"2019006";"Juni";"2 Qu 2019";"Jun 2019"
"525";"2019-06-09";"6";"2";"2019";"2019002";"2019006";"Juni";"2 Qu 2019";"Jun 2019"
"526";"2019-06-10";"6";"2";"2019";"2019002";"2019006";"Juni";"2 Qu 2019";"Jun 2019"
"527";"2019-06-11";"6";"2";"2019";"2019002";"2019006";"Juni";"2 Qu 2019";"Jun 2019"
"528";"2019-06-12";"6";"2";"2019";"2019002";"2019006";"Juni";"2 Qu 2019";"Jun 2019"
"529";"2019-06-13";"6";"2";"2019";"2019002";"2019006";"Juni";"2 Qu 2019";"Jun 2019"
"530";"2019-06-14";"6";"2";"2019";"2019002";"2019006";"Juni";"2 Qu 2019";"Jun 2019"
"531";"2019-06-15";"6";"2";"2019";"2019002";"2019006";"Juni";"2 Qu 2019";"Jun 2019"
"532";"2019-06-16";"6";"2";"2019";"2019002";"2019006";"Juni";"2 Qu 2019";"Jun 2019"
"533";"2019-06-17";"6";"2";"2019";"2019002";"2019006";"Juni";"2 Qu 2019";"Jun 2019"
"534";"2019-06-18";"6";"2";"2019";"2019002";"2019006";"Juni";"2 Qu 2019";"Jun 2019"
"535";"2019-06-19";"6";"2";"2019";"2019002";"2019006";"Juni";"2 Qu 2019";"Jun 2019"
"536";"2019-06-20";"6";"2";"2019";"2019002";"2019006";"Juni";"2 Qu 2019";"Jun 2019"
"537";"2019-06-21";"6";"2";"2019";"2019002";"2019006";"Juni";"2 Qu 2019";"Jun 2019"
"538";"2019-06-22";"6";"2";"2019";"2019002";"2019006";"Juni";"2 Qu 2019";"Jun 2019"
"539";"2019-06-23";"6";"2";"2019";"2019002";"2019006";"Juni";"2 Qu 2019";"Jun 2019"
"540";"2019-06-24";"6";"2";"2019";"2019002";"2019006";"Juni";"2 Qu 2019";"Jun 2019"
"541";"2019-06-25";"6";"2";"2019";"2019002";"2019006";"Juni";"2 Qu 2019";"Jun 2019"
"542";"2019-06-26";"6";"2";"2019";"2019002";"2019006";"Juni";"2 Qu 2019";"Jun 2019"
"543";"2019-06-27";"6";"2";"2019";"2019002";"2019006";"Juni";"2 Qu 2019";"Jun 2019"
"544";"2019-06-28";"6";"2";"2019";"2019002";"2019006";"Juni";"2 Qu 2019";"Jun 2019"
"545";"2019-06-29";"6";"2";"2019";"2019002";"2019006";"Juni";"2 Qu 2019";"Jun 2019"
"546";"2019-06-30";"6";"2";"2019";"2019002";"2019006";"Juni";"2 Qu 2019";"Jun 2019"
"547";"2019-07-01";"7";"3";"2019";"2019003";"2019007";"Juli";"3 Qu 2019";"Jul 2019"
"548";"2019-07-02";"7";"3";"2019";"2019003";"2019007";"Juli";"3 Qu 2019";"Jul 2019"
"549";"2019-07-03";"7";"3";"2019";"2019003";"2019007";"Juli";"3 Qu 2019";"Jul 2019"
"550";"2019-07-04";"7";"3";"2019";"2019003";"2019007";"Juli";"3 Qu 2019";"Jul 2019"
"551";"2019-07-05";"7";"3";"2019";"2019003";"2019007";"Juli";"3 Qu 2019";"Jul 2019"
"552";"2019-07-06";"7";"3";"2019";"2019003";"2019007";"Juli";"3 Qu 2019";"Jul 2019"
"553";"2019-07-07";"7";"3";"2019";"2019003";"2019007";"Juli";"3 Qu 2019";"Jul 2019"
"554";"2019-07-08";"7";"3";"2019";"2019003";"2019007";"Juli";"3 Qu 2019";"Jul 2019"
"555";"2019-07-09";"7";"3";"2019";"2019003";"2019007";"Juli";"3 Qu 2019";"Jul 2019"
"556";"2019-07-10";"7";"3";"2019";"2019003";"2019007";"Juli";"3 Qu 2019";"Jul 2019"
"557";"2019-07-11";"7";"3";"2019";"2019003";"2019007";"Juli";"3 Qu 2019";"Jul 2019"
"558";"2019-07-12";"7";"3";"2019";"2019003";"2019007";"Juli";"3 Qu 2019";"Jul 2019"
"559";"2019-07-13";"7";"3";"2019";"2019003";"2019007";"Juli";"3 Qu 2019";"Jul 2019"
"560";"2019-07-14";"7";"3";"2019";"2019003";"2019007";"Juli";"3 Qu 2019";"Jul 2019"
"561";"2019-07-15";"7";"3";"2019";"2019003";"2019007";"Juli";"3 Qu 2019";"Jul 2019"
"562";"2019-07-16";"7";"3";"2019";"2019003";"2019007";"Juli";"3 Qu 2019";"Jul 2019"
"563";"2019-07-17";"7";"3";"2019";"2019003";"2019007";"Juli";"3 Qu 2019";"Jul 2019"
"564";"2019-07-18";"7";"3";"2019";"2019003";"2019007";"Juli";"3 Qu 2019";"Jul 2019"
"565";"2019-07-19";"7";"3";"2019";"2019003";"2019007";"Juli";"3 Qu 2019";"Jul 2019"
"566";"2019-07-20";"7";"3";"2019";"2019003";"2019007";"Juli";"3 Qu 2019";"Jul 2019"
"567";"2019-07-21";"7";"3";"2019";"2019003";"2019007";"Juli";"3 Qu 2019";"Jul 2019"
"568";"2019-07-22";"7";"3";"2019";"2019003";"2019007";"Juli";"3 Qu 2019";"Jul 2019"
"569";"2019-07-23";"7";"3";"2019";"2019003";"2019007";"Juli";"3 Qu 2019";"Jul 2019"
"570";"2019-07-24";"7";"3";"2019";"2019003";"2019007";"Juli";"3 Qu 2019";"Jul 2019"
"571";"2019-07-25";"7";"3";"2019";"2019003";"2019007";"Juli";"3 Qu 2019";"Jul 2019"
"572";"2019-07-26";"7";"3";"2019";"2019003";"2019007";"Juli";"3 Qu 2019";"Jul 2019"
"573";"2019-07-27";"7";"3";"2019";"2019003";"2019007";"Juli";"3 Qu 2019";"Jul 2019"
"574";"2019-07-28";"7";"3";"2019";"2019003";"2019007";"Juli";"3 Qu 2019";"Jul 2019"
"575";"2019-07-29";"7";"3";"2019";"2019003";"2019007";"Juli";"3 Qu 2019";"Jul 2019"
"576";"2019-07-30";"7";"3";"2019";"2019003";"2019007";"Juli";"3 Qu 2019";"Jul 2019"
"577";"2019-07-31";"7";"3";"2019";"2019003";"2019007";"Juli";"3 Qu 2019";"Jul 2019"
"578";"2019-08-01";"8";"3";"2019";"2019003";"2019008";"August";"3 Qu 2019";"Aug 2019"
"579";"2019-08-02";"8";"3";"2019";"2019003";"2019008";"August";"3 Qu 2019";"Aug 2019"
"580";"2019-08-03";"8";"3";"2019";"2019003";"2019008";"August";"3 Qu 2019";"Aug 2019"
"581";"2019-08-04";"8";"3";"2019";"2019003";"2019008";"August";"3 Qu 2019";"Aug 2019"
"582";"2019-08-05";"8";"3";"2019";"2019003";"2019008";"August";"3 Qu 2019";"Aug 2019"
"583";"2019-08-06";"8";"3";"2019";"2019003";"2019008";"August";"3 Qu 2019";"Aug 2019"
"584";"2019-08-07";"8";"3";"2019";"2019003";"2019008";"August";"3 Qu 2019";"Aug 2019"
"585";"2019-08-08";"8";"3";"2019";"2019003";"2019008";"August";"3 Qu 2019";"Aug 2019"
"586";"2019-08-09";"8";"3";"2019";"2019003";"2019008";"August";"3 Qu 2019";"Aug 2019"
"587";"2019-08-10";"8";"3";"2019";"2019003";"2019008";"August";"3 Qu 2019";"Aug 2019"
"588";"2019-08-11";"8";"3";"2019";"2019003";"2019008";"August";"3 Qu 2019";"Aug 2019"
"589";"2019-08-12";"8";"3";"2019";"2019003";"2019008";"August";"3 Qu 2019";"Aug 2019"
"590";"2019-08-13";"8";"3";"2019";"2019003";"2019008";"August";"3 Qu 2019";"Aug 2019"
"591";"2019-08-14";"8";"3";"2019";"2019003";"2019008";"August";"3 Qu 2019";"Aug 2019"
"592";"2019-08-15";"8";"3";"2019";"2019003";"2019008";"August";"3 Qu 2019";"Aug 2019"
"593";"2019-08-16";"8";"3";"2019";"2019003";"2019008";"August";"3 Qu 2019";"Aug 2019"
"594";"2019-08-17";"8";"3";"2019";"2019003";"2019008";"August";"3 Qu 2019";"Aug 2019"
"595";"2019-08-18";"8";"3";"2019";"2019003";"2019008";"August";"3 Qu 2019";"Aug 2019"
"596";"2019-08-19";"8";"3";"2019";"2019003";"2019008";"August";"3 Qu 2019";"Aug 2019"
"597";"2019-08-20";"8";"3";"2019";"2019003";"2019008";"August";"3 Qu 2019";"Aug 2019"
"598";"2019-08-21";"8";"3";"2019";"2019003";"2019008";"August";"3 Qu 2019";"Aug 2019"
"599";"2019-08-22";"8";"3";"2019";"2019003";"2019008";"August";"3 Qu 2019";"Aug 2019"
"600";"2019-08-23";"8";"3";"2019";"2019003";"2019008";"August";"3 Qu 2019";"Aug 2019"
"601";"2019-08-24";"8";"3";"2019";"2019003";"2019008";"August";"3 Qu 2019";"Aug 2019"
"602";"2019-08-25";"8";"3";"2019";"2019003";"2019008";"August";"3 Qu 2019";"Aug 2019"
"603";"2019-08-26";"8";"3";"2019";"2019003";"2019008";"August";"3 Qu 2019";"Aug 2019"
"604";"2019-08-27";"8";"3";"2019";"2019003";"2019008";"August";"3 Qu 2019";"Aug 2019"
"605";"2019-08-28";"8";"3";"2019";"2019003";"2019008";"August";"3 Qu 2019";"Aug 2019"
"606";"2019-08-29";"8";"3";"2019";"2019003";"2019008";"August";"3 Qu 2019";"Aug 2019"
"607";"2019-08-30";"8";"3";"2019";"2019003";"2019008";"August";"3 Qu 2019";"Aug 2019"
"608";"2019-08-31";"8";"3";"2019";"2019003";"2019008";"August";"3 Qu 2019";"Aug 2019"
"609";"2019-09-01";"9";"3";"2019";"2019003";"2019009";"September";"3 Qu 2019";"Sep 2019"
"610";"2019-09-02";"9";"3";"2019";"2019003";"2019009";"September";"3 Qu 2019";"Sep 2019"
"611";"2019-09-03";"9";"3";"2019";"2019003";"2019009";"September";"3 Qu 2019";"Sep 2019"
"612";"2019-09-04";"9";"3";"2019";"2019003";"2019009";"September";"3 Qu 2019";"Sep 2019"
"613";"2019-09-05";"9";"3";"2019";"2019003";"2019009";"September";"3 Qu 2019";"Sep 2019"
"614";"2019-09-06";"9";"3";"2019";"2019003";"2019009";"September";"3 Qu 2019";"Sep 2019"
"615";"2019-09-07";"9";"3";"2019";"2019003";"2019009";"September";"3 Qu 2019";"Sep 2019"
"616";"2019-09-08";"9";"3";"2019";"2019003";"2019009";"September";"3 Qu 2019";"Sep 2019"
"617";"2019-09-09";"9";"3";"2019";"2019003";"2019009";"September";"3 Qu 2019";"Sep 2019"
"618";"2019-09-10";"9";"3";"2019";"2019003";"2019009";"September";"3 Qu 2019";"Sep 2019"
"619";"2019-09-11";"9";"3";"2019";"2019003";"2019009";"September";"3 Qu 2019";"Sep 2019"
"620";"2019-09-12";"9";"3";"2019";"2019003";"2019009";"September";"3 Qu 2019";"Sep 2019"
"621";"2019-09-13";"9";"3";"2019";"2019003";"2019009";"September";"3 Qu 2019";"Sep 2019"
"622";"2019-09-14";"9";"3";"2019";"2019003";"2019009";"September";"3 Qu 2019";"Sep 2019"
"623";"2019-09-15";"9";"3";"2019";"2019003";"2019009";"September";"3 Qu 2019";"Sep 2019"
"624";"2019-09-16";"9";"3";"2019";"2019003";"2019009";"September";"3 Qu 2019";"Sep 2019"
"625";"2019-09-17";"9";"3";"2019";"2019003";"2019009";"September";"3 Qu 2019";"Sep 2019"
"626";"2019-09-18";"9";"3";"2019";"2019003";"2019009";"September";"3 Qu 2019";"Sep 2019"
"627";"2019-09-19";"9";"3";"2019";"2019003";"2019009";"September";"3 Qu 2019";"Sep 2019"
"628";"2019-09-20";"9";"3";"2019";"2019003";"2019009";"September";"3 Qu 2019";"Sep 2019"
"629";"2019-09-21";"9";"3";"2019";"2019003";"2019009";"September";"3 Qu 2019";"Sep 2019"
"630";"2019-09-22";"9";"3";"2019";"2019003";"2019009";"September";"3 Qu 2019";"Sep 2019"
"631";"2019-09-23";"9";"3";"2019";"2019003";"2019009";"September";"3 Qu 2019";"Sep 2019"
"632";"2019-09-24";"9";"3";"2019";"2019003";"2019009";"September";"3 Qu 2019";"Sep 2019"
"633";"2019-09-25";"9";"3";"2019";"2019003";"2019009";"September";"3 Qu 2019";"Sep 2019"
"634";"2019-09-26";"9";"3";"2019";"2019003";"2019009";"September";"3 Qu 2019";"Sep 2019"
"635";"2019-09-27";"9";"3";"2019";"2019003";"2019009";"September";"3 Qu 2019";"Sep 2019"
"636";"2019-09-28";"9";"3";"2019";"2019003";"2019009";"September";"3 Qu 2019";"Sep 2019"
"637";"2019-09-29";"9";"3";"2019";"2019003";"2019009";"September";"3 Qu 2019";"Sep 2019"
"638";"2019-09-30";"9";"3";"2019";"2019003";"2019009";"September";"3 Qu 2019";"Sep 2019"
"639";"2019-10-01";"10";"4";"2019";"2019004";"2019010";"Oktober";"4 Qu 2019";"Okt 2019"
"640";"2019-10-02";"10";"4";"2019";"2019004";"2019010";"Oktober";"4 Qu 2019";"Okt 2019"
"641";"2019-10-03";"10";"4";"2019";"2019004";"2019010";"Oktober";"4 Qu 2019";"Okt 2019"
"642";"2019-10-04";"10";"4";"2019";"2019004";"2019010";"Oktober";"4 Qu 2019";"Okt 2019"
"643";"2019-10-05";"10";"4";"2019";"2019004";"2019010";"Oktober";"4 Qu 2019";"Okt 2019"
"644";"2019-10-06";"10";"4";"2019";"2019004";"2019010";"Oktober";"4 Qu 2019";"Okt 2019"
"645";"2019-10-07";"10";"4";"2019";"2019004";"2019010";"Oktober";"4 Qu 2019";"Okt 2019"
"646";"2019-10-08";"10";"4";"2019";"2019004";"2019010";"Oktober";"4 Qu 2019";"Okt 2019"
"647";"2019-10-09";"10";"4";"2019";"2019004";"2019010";"Oktober";"4 Qu 2019";"Okt 2019"
"648";"2019-10-10";"10";"4";"2019";"2019004";"2019010";"Oktober";"4 Qu 2019";"Okt 2019"
"649";"2019-10-11";"10";"4";"2019";"2019004";"2019010";"Oktober";"4 Qu 2019";"Okt 2019"
"650";"2019-10-12";"10";"4";"2019";"2019004";"2019010";"Oktober";"4 Qu 2019";"Okt 2019"
"651";"2019-10-13";"10";"4";"2019";"2019004";"2019010";"Oktober";"4 Qu 2019";"Okt 2019"
"652";"2019-10-14";"10";"4";"2019";"2019004";"2019010";"Oktober";"4 Qu 2019";"Okt 2019"
"653";"2019-10-15";"10";"4";"2019";"2019004";"2019010";"Oktober";"4 Qu 2019";"Okt 2019"
"654";"2019-10-16";"10";"4";"2019";"2019004";"2019010";"Oktober";"4 Qu 2019";"Okt 2019"
"655";"2019-10-17";"10";"4";"2019";"2019004";"2019010";"Oktober";"4 Qu 2019";"Okt 2019"
"656";"2019-10-18";"10";"4";"2019";"2019004";"2019010";"Oktober";"4 Qu 2019";"Okt 2019"
"657";"2019-10-19";"10";"4";"2019";"2019004";"2019010";"Oktober";"4 Qu 2019";"Okt 2019"
"658";"2019-10-20";"10";"4";"2019";"2019004";"2019010";"Oktober";"4 Qu 2019";"Okt 2019"
"659";"2019-10-21";"10";"4";"2019";"2019004";"2019010";"Oktober";"4 Qu 2019";"Okt 2019"
"660";"2019-10-22";"10";"4";"2019";"2019004";"2019010";"Oktober";"4 Qu 2019";"Okt 2019"
"661";"2019-10-23";"10";"4";"2019";"2019004";"2019010";"Oktober";"4 Qu 2019";"Okt 2019"
"662";"2019-10-24";"10";"4";"2019";"2019004";"2019010";"Oktober";"4 Qu 2019";"Okt 2019"
"663";"2019-10-25";"10";"4";"2019";"2019004";"2019010";"Oktober";"4 Qu 2019";"Okt 2019"
"664";"2019-10-26";"10";"4";"2019";"2019004";"2019010";"Oktober";"4 Qu 2019";"Okt 2019"
"665";"2019-10-27";"10";"4";"2019";"2019004";"2019010";"Oktober";"4 Qu 2019";"Okt 2019"
"666";"2019-10-28";"10";"4";"2019";"2019004";"2019010";"Oktober";"4 Qu 2019";"Okt 2019"
"667";"2019-10-29";"10";"4";"2019";"2019004";"2019010";"Oktober";"4 Qu 2019";"Okt 2019"
"668";"2019-10-30";"10";"4";"2019";"2019004";"2019010";"Oktober";"4 Qu 2019";"Okt 2019"
"669";"2019-10-31";"10";"4";"2019";"2019004";"2019010";"Oktober";"4 Qu 2019";"Okt 2019"
"670";"2019-11-01";"11";"4";"2019";"2019004";"2019011";"November";"4 Qu 2019";"Nov 2019"
"671";"2019-11-02";"11";"4";"2019";"2019004";"2019011";"November";"4 Qu 2019";"Nov 2019"
"672";"2019-11-03";"11";"4";"2019";"2019004";"2019011";"November";"4 Qu 2019";"Nov 2019"
"673";"2019-11-04";"11";"4";"2019";"2019004";"2019011";"November";"4 Qu 2019";"Nov 2019"
"674";"2019-11-05";"11";"4";"2019";"2019004";"2019011";"November";"4 Qu 2019";"Nov 2019"
"675";"2019-11-06";"11";"4";"2019";"2019004";"2019011";"November";"4 Qu 2019";"Nov 2019"
"676";"2019-11-07";"11";"4";"2019";"2019004";"2019011";"November";"4 Qu 2019";"Nov 2019"
"677";"2019-11-08";"11";"4";"2019";"2019004";"2019011";"November";"4 Qu 2019";"Nov 2019"
"678";"2019-11-09";"11";"4";"2019";"2019004";"2019011";"November";"4 Qu 2019";"Nov 2019"
"679";"2019-11-10";"11";"4";"2019";"2019004";"2019011";"November";"4 Qu 2019";"Nov 2019"
"680";"2019-11-11";"11";"4";"2019";"2019004";"2019011";"November";"4 Qu 2019";"Nov 2019"
"681";"2019-11-12";"11";"4";"2019";"2019004";"2019011";"November";"4 Qu 2019";"Nov 2019"
"682";"2019-11-13";"11";"4";"2019";"2019004";"2019011";"November";"4 Qu 2019";"Nov 2019"
"683";"2019-11-14";"11";"4";"2019";"2019004";"2019011";"November";"4 Qu 2019";"Nov 2019"
"684";"2019-11-15";"11";"4";"2019";"2019004";"2019011";"November";"4 Qu 2019";"Nov 2019"
"685";"2019-11-16";"11";"4";"2019";"2019004";"2019011";"November";"4 Qu 2019";"Nov 2019"
"686";"2019-11-17";"11";"4";"2019";"2019004";"2019011";"November";"4 Qu 2019";"Nov 2019"
"687";"2019-11-18";"11";"4";"2019";"2019004";"2019011";"November";"4 Qu 2019";"Nov 2019"
"688";"2019-11-19";"11";"4";"2019";"2019004";"2019011";"November";"4 Qu 2019";"Nov 2019"
"689";"2019-11-20";"11";"4";"2019";"2019004";"2019011";"November";"4 Qu 2019";"Nov 2019"
"690";"2019-11-21";"11";"4";"2019";"2019004";"2019011";"November";"4 Qu 2019";"Nov 2019"
"691";"2019-11-22";"11";"4";"2019";"2019004";"2019011";"November";"4 Qu 2019";"Nov 2019"
"692";"2019-11-23";"11";"4";"2019";"2019004";"2019011";"November";"4 Qu 2019";"Nov 2019"
"693";"2019-11-24";"11";"4";"2019";"2019004";"2019011";"November";"4 Qu 2019";"Nov 2019"
"694";"2019-11-25";"11";"4";"2019";"2019004";"2019011";"November";"4 Qu 2019";"Nov 2019"
"695";"2019-11-26";"11";"4";"2019";"2019004";"2019011";"November";"4 Qu 2019";"Nov 2019"
"696";"2019-11-27";"11";"4";"2019";"2019004";"2019011";"November";"4 Qu 2019";"Nov 2019"
"697";"2019-11-28";"11";"4";"2019";"2019004";"2019011";"November";"4 Qu 2019";"Nov 2019"
"698";"2019-11-29";"11";"4";"2019";"2019004";"2019011";"November";"4 Qu 2019";"Nov 2019"
"699";"2019-11-30";"11";"4";"2019";"2019004";"2019011";"November";"4 Qu 2019";"Nov 2019"
"700";"2019-12-01";"12";"4";"2019";"2019004";"2019012";"Dezember";"4 Qu 2019";"Dez 2019"
"701";"2019-12-02";"12";"4";"2019";"2019004";"2019012";"Dezember";"4 Qu 2019";"Dez 2019"
"702";"2019-12-03";"12";"4";"2019";"2019004";"2019012";"Dezember";"4 Qu 2019";"Dez 2019"
"703";"2019-12-04";"12";"4";"2019";"2019004";"2019012";"Dezember";"4 Qu 2019";"Dez 2019"
"704";"2019-12-05";"12";"4";"2019";"2019004";"2019012";"Dezember";"4 Qu 2019";"Dez 2019"
"705";"2019-12-06";"12";"4";"2019";"2019004";"2019012";"Dezember";"4 Qu 2019";"Dez 2019"
"706";"2019-12-07";"12";"4";"2019";"2019004";"2019012";"Dezember";"4 Qu 2019";"Dez 2019"
"707";"2019-12-08";"12";"4";"2019";"2019004";"2019012";"Dezember";"4 Qu 2019";"Dez 2019"
"708";"2019-12-09";"12";"4";"2019";"2019004";"2019012";"Dezember";"4 Qu 2019";"Dez 2019"
"709";"2019-12-10";"12";"4";"2019";"2019004";"2019012";"Dezember";"4 Qu 2019";"Dez 2019"
"710";"2019-12-11";"12";"4";"2019";"2019004";"2019012";"Dezember";"4 Qu 2019";"Dez 2019"
"711";"2019-12-12";"12";"4";"2019";"2019004";"2019012";"Dezember";"4 Qu 2019";"Dez 2019"
"712";"2019-12-13";"12";"4";"2019";"2019004";"2019012";"Dezember";"4 Qu 2019";"Dez 2019"
"713";"2019-12-14";"12";"4";"2019";"2019004";"2019012";"Dezember";"4 Qu 2019";"Dez 2019"
"714";"2019-12-15";"12";"4";"2019";"2019004";"2019012";"Dezember";"4 Qu 2019";"Dez 2019"
"715";"2019-12-16";"12";"4";"2019";"2019004";"2019012";"Dezember";"4 Qu 2019";"Dez 2019"
"716";"2019-12-17";"12";"4";"2019";"2019004";"2019012";"Dezember";"4 Qu 2019";"Dez 2019"
"717";"2019-12-18";"12";"4";"2019";"2019004";"2019012";"Dezember";"4 Qu 2019";"Dez 2019"
"718";"2019-12-19";"12";"4";"2019";"2019004";"2019012";"Dezember";"4 Qu 2019";"Dez 2019"
"719";"2019-12-20";"12";"4";"2019";"2019004";"2019012";"Dezember";"4 Qu 2019";"Dez 2019"
"720";"2019-12-21";"12";"4";"2019";"2019004";"2019012";"Dezember";"4 Qu 2019";"Dez 2019"
"721";"2019-12-22";"12";"4";"2019";"2019004";"2019012";"Dezember";"4 Qu 2019";"Dez 2019"
"722";"2019-12-23";"12";"4";"2019";"2019004";"2019012";"Dezember";"4 Qu 2019";"Dez 2019"
"723";"2019-12-24";"12";"4";"2019";"2019004";"2019012";"Dezember";"4 Qu 2019";"Dez 2019"
"724";"2019-12-25";"12";"4";"2019";"2019004";"2019012";"Dezember";"4 Qu 2019";"Dez 2019"
"725";"2019-12-26";"12";"4";"2019";"2019004";"2019012";"Dezember";"4 Qu 2019";"Dez 2019"
"726";"2019-12-27";"12";"4";"2019";"2019004";"2019012";"Dezember";"4 Qu 2019";"Dez 2019"
"727";"2019-12-28";"12";"4";"2019";"2019004";"2019012";"Dezember";"4 Qu 2019";"Dez 2019"
"728";"2019-12-29";"12";"4";"2019";"2019004";"2019012";"Dezember";"4 Qu 2019";"Dez 2019"
"729";"2019-12-30";"12";"4";"2019";"2019004";"2019012";"Dezember";"4 Qu 2019";"Dez 2019"
"730";"2019-12-31";"12";"4";"2019";"2019004";"2019012";"Dezember";"4 Qu 2019";"Dez 2019"
"731";"2020-01-01";"1";"1";"2020";"2020001";"2020001";"Januar";"1 Qu 2020";"Jan 2020"
"732";"2020-01-02";"1";"1";"2020";"2020001";"2020001";"Januar";"1 Qu 2020";"Jan 2020"
"733";"2020-01-03";"1";"1";"2020";"2020001";"2020001";"Januar";"1 Qu 2020";"Jan 2020"
"734";"2020-01-04";"1";"1";"2020";"2020001";"2020001";"Januar";"1 Qu 2020";"Jan 2020"
"735";"2020-01-05";"1";"1";"2020";"2020001";"2020001";"Januar";"1 Qu 2020";"Jan 2020"
"736";"2020-01-06";"1";"1";"2020";"2020001";"2020001";"Januar";"1 Qu 2020";"Jan 2020"
"737";"2020-01-07";"1";"1";"2020";"2020001";"2020001";"Januar";"1 Qu 2020";"Jan 2020"
"738";"2020-01-08";"1";"1";"2020";"2020001";"2020001";"Januar";"1 Qu 2020";"Jan 2020"
"739";"2020-01-09";"1";"1";"2020";"2020001";"2020001";"Januar";"1 Qu 2020";"Jan 2020"
"740";"2020-01-10";"1";"1";"2020";"2020001";"2020001";"Januar";"1 Qu 2020";"Jan 2020"
"741";"2020-01-11";"1";"1";"2020";"2020001";"2020001";"Januar";"1 Qu 2020";"Jan 2020"
"742";"2020-01-12";"1";"1";"2020";"2020001";"2020001";"Januar";"1 Qu 2020";"Jan 2020"
"743";"2020-01-13";"1";"1";"2020";"2020001";"2020001";"Januar";"1 Qu 2020";"Jan 2020"
"744";"2020-01-14";"1";"1";"2020";"2020001";"2020001";"Januar";"1 Qu 2020";"Jan 2020"
"745";"2020-01-15";"1";"1";"2020";"2020001";"2020001";"Januar";"1 Qu 2020";"Jan 2020"
"746";"2020-01-16";"1";"1";"2020";"2020001";"2020001";"Januar";"1 Qu 2020";"Jan 2020"
"747";"2020-01-17";"1";"1";"2020";"2020001";"2020001";"Januar";"1 Qu 2020";"Jan 2020"
"748";"2020-01-18";"1";"1";"2020";"2020001";"2020001";"Januar";"1 Qu 2020";"Jan 2020"
"749";"2020-01-19";"1";"1";"2020";"2020001";"2020001";"Januar";"1 Qu 2020";"Jan 2020"
"750";"2020-01-20";"1";"1";"2020";"2020001";"2020001";"Januar";"1 Qu 2020";"Jan 2020"
"751";"2020-01-21";"1";"1";"2020";"2020001";"2020001";"Januar";"1 Qu 2020";"Jan 2020"
"752";"2020-01-22";"1";"1";"2020";"2020001";"2020001";"Januar";"1 Qu 2020";"Jan 2020"
"753";"2020-01-23";"1";"1";"2020";"2020001";"2020001";"Januar";"1 Qu 2020";"Jan 2020"
"754";"2020-01-24";"1";"1";"2020";"2020001";"2020001";"Januar";"1 Qu 2020";"Jan 2020"
"755";"2020-01-25";"1";"1";"2020";"2020001";"2020001";"Januar";"1 Qu 2020";"Jan 2020"
"756";"2020-01-26";"1";"1";"2020";"2020001";"2020001";"Januar";"1 Qu 2020";"Jan 2020"
"757";"2020-01-27";"1";"1";"2020";"2020001";"2020001";"Januar";"1 Qu 2020";"Jan 2020"
"758";"2020-01-28";"1";"1";"2020";"2020001";"2020001";"Januar";"1 Qu 2020";"Jan 2020"
"759";"2020-01-29";"1";"1";"2020";"2020001";"2020001";"Januar";"1 Qu 2020";"Jan 2020"
"760";"2020-01-30";"1";"1";"2020";"2020001";"2020001";"Januar";"1 Qu 2020";"Jan 2020"
"761";"2020-01-31";"1";"1";"2020";"2020001";"2020001";"Januar";"1 Qu 2020";"Jan 2020"
"762";"2020-02-01";"2";"1";"2020";"2020001";"2020002";"Februar";"1 Qu 2020";"Feb 2020"
"763";"2020-02-02";"2";"1";"2020";"2020001";"2020002";"Februar";"1 Qu 2020";"Feb 2020"
"764";"2020-02-03";"2";"1";"2020";"2020001";"2020002";"Februar";"1 Qu 2020";"Feb 2020"
"765";"2020-02-04";"2";"1";"2020";"2020001";"2020002";"Februar";"1 Qu 2020";"Feb 2020"
"766";"2020-02-05";"2";"1";"2020";"2020001";"2020002";"Februar";"1 Qu 2020";"Feb 2020"
"767";"2020-02-06";"2";"1";"2020";"2020001";"2020002";"Februar";"1 Qu 2020";"Feb 2020"
"768";"2020-02-07";"2";"1";"2020";"2020001";"2020002";"Februar";"1 Qu 2020";"Feb 2020"
"769";"2020-02-08";"2";"1";"2020";"2020001";"2020002";"Februar";"1 Qu 2020";"Feb 2020"
"770";"2020-02-09";"2";"1";"2020";"2020001";"2020002";"Februar";"1 Qu 2020";"Feb 2020"
"771";"2020-02-10";"2";"1";"2020";"2020001";"2020002";"Februar";"1 Qu 2020";"Feb 2020"
"772";"2020-02-11";"2";"1";"2020";"2020001";"2020002";"Februar";"1 Qu 2020";"Feb 2020"
"773";"2020-02-12";"2";"1";"2020";"2020001";"2020002";"Februar";"1 Qu 2020";"Feb 2020"
"774";"2020-02-13";"2";"1";"2020";"2020001";"2020002";"Februar";"1 Qu 2020";"Feb 2020"
"775";"2020-02-14";"2";"1";"2020";"2020001";"2020002";"Februar";"1 Qu 2020";"Feb 2020"
"776";"2020-02-15";"2";"1";"2020";"2020001";"2020002";"Februar";"1 Qu 2020";"Feb 2020"
"777";"2020-02-16";"2";"1";"2020";"2020001";"2020002";"Februar";"1 Qu 2020";"Feb 2020"
"778";"2020-02-17";"2";"1";"2020";"2020001";"2020002";"Februar";"1 Qu 2020";"Feb 2020"
"779";"2020-02-18";"2";"1";"2020";"2020001";"2020002";"Februar";"1 Qu 2020";"Feb 2020"
"780";"2020-02-19";"2";"1";"2020";"2020001";"2020002";"Februar";"1 Qu 2020";"Feb 2020"
"781";"2020-02-20";"2";"1";"2020";"2020001";"2020002";"Februar";"1 Qu 2020";"Feb 2020"
"782";"2020-02-21";"2";"1";"2020";"2020001";"2020002";"Februar";"1 Qu 2020";"Feb 2020"
"783";"2020-02-22";"2";"1";"2020";"2020001";"2020002";"Februar";"1 Qu 2020";"Feb 2020"
"784";"2020-02-23";"2";"1";"2020";"2020001";"2020002";"Februar";"1 Qu 2020";"Feb 2020"
"785";"2020-02-24";"2";"1";"2020";"2020001";"2020002";"Februar";"1 Qu 2020";"Feb 2020"
"786";"2020-02-25";"2";"1";"2020";"2020001";"2020002";"Februar";"1 Qu 2020";"Feb 2020"
"787";"2020-02-26";"2";"1";"2020";"2020001";"2020002";"Februar";"1 Qu 2020";"Feb 2020"
"788";"2020-02-27";"2";"1";"2020";"2020001";"2020002";"Februar";"1 Qu 2020";"Feb 2020"
"789";"2020-02-28";"2";"1";"2020";"2020001";"2020002";"Februar";"1 Qu 2020";"Feb 2020"
"790";"2020-02-29";"2";"1";"2020";"2020001";"2020002";"Februar";"1 Qu 2020";"Feb 2020"
"791";"2020-03-01";"3";"1";"2020";"2020001";"2020003";"März";"1 Qu 2020";"Mär 2020"
"792";"2020-03-02";"3";"1";"2020";"2020001";"2020003";"März";"1 Qu 2020";"Mär 2020"
"793";"2020-03-03";"3";"1";"2020";"2020001";"2020003";"März";"1 Qu 2020";"Mär 2020"
"794";"2020-03-04";"3";"1";"2020";"2020001";"2020003";"März";"1 Qu 2020";"Mär 2020"
"795";"2020-03-05";"3";"1";"2020";"2020001";"2020003";"März";"1 Qu 2020";"Mär 2020"
"796";"2020-03-06";"3";"1";"2020";"2020001";"2020003";"März";"1 Qu 2020";"Mär 2020"
"797";"2020-03-07";"3";"1";"2020";"2020001";"2020003";"März";"1 Qu 2020";"Mär 2020"
"798";"2020-03-08";"3";"1";"2020";"2020001";"2020003";"März";"1 Qu 2020";"Mär 2020"
"799";"2020-03-09";"3";"1";"2020";"2020001";"2020003";"März";"1 Qu 2020";"Mär 2020"
"800";"2020-03-10";"3";"1";"2020";"2020001";"2020003";"März";"1 Qu 2020";"Mär 2020"
"801";"2020-03-11";"3";"1";"2020";"2020001";"2020003";"März";"1 Qu 2020";"Mär 2020"
"802";"2020-03-12";"3";"1";"2020";"2020001";"2020003";"März";"1 Qu 2020";"Mär 2020"
"803";"2020-03-13";"3";"1";"2020";"2020001";"2020003";"März";"1 Qu 2020";"Mär 2020"
"804";"2020-03-14";"3";"1";"2020";"2020001";"2020003";"März";"1 Qu 2020";"Mär 2020"
"805";"2020-03-15";"3";"1";"2020";"2020001";"2020003";"März";"1 Qu 2020";"Mär 2020"
"806";"2020-03-16";"3";"1";"2020";"2020001";"2020003";"März";"1 Qu 2020";"Mär 2020"
"807";"2020-03-17";"3";"1";"2020";"2020001";"2020003";"März";"1 Qu 2020";"Mär 2020"
"808";"2020-03-18";"3";"1";"2020";"2020001";"2020003";"März";"1 Qu 2020";"Mär 2020"
"809";"2020-03-19";"3";"1";"2020";"2020001";"2020003";"März";"1 Qu 2020";"Mär 2020"
"810";"2020-03-20";"3";"1";"2020";"2020001";"2020003";"März";"1 Qu 2020";"Mär 2020"
"811";"2020-03-21";"3";"1";"2020";"2020001";"2020003";"März";"1 Qu 2020";"Mär 2020"
"812";"2020-03-22";"3";"1";"2020";"2020001";"2020003";"März";"1 Qu 2020";"Mär 2020"
"813";"2020-03-23";"3";"1";"2020";"2020001";"2020003";"März";"1 Qu 2020";"Mär 2020"
"814";"2020-03-24";"3";"1";"2020";"2020001";"2020003";"März";"1 Qu 2020";"Mär 2020"
"815";"2020-03-25";"3";"1";"2020";"2020001";"2020003";"März";"1 Qu 2020";"Mär 2020"
"816";"2020-03-26";"3";"1";"2020";"2020001";"2020003";"März";"1 Qu 2020";"Mär 2020"
"817";"2020-03-27";"3";"1";"2020";"2020001";"2020003";"März";"1 Qu 2020";"Mär 2020"
"818";"2020-03-28";"3";"1";"2020";"2020001";"2020003";"März";"1 Qu 2020";"Mär 2020"
"819";"2020-03-29";"3";"1";"2020";"2020001";"2020003";"März";"1 Qu 2020";"Mär 2020"
"820";"2020-03-30";"3";"1";"2020";"2020001";"2020003";"März";"1 Qu 2020";"Mär 2020"
"821";"2020-03-31";"3";"1";"2020";"2020001";"2020003";"März";"1 Qu 2020";"Mär 2020"
"822";"2020-04-01";"4";"2";"2020";"2020002";"2020004";"April";"2 Qu 2020";"Apr 2020"
"823";"2020-04-02";"4";"2";"2020";"2020002";"2020004";"April";"2 Qu 2020";"Apr 2020"
"824";"2020-04-03";"4";"2";"2020";"2020002";"2020004";"April";"2 Qu 2020";"Apr 2020"
"825";"2020-04-04";"4";"2";"2020";"2020002";"2020004";"April";"2 Qu 2020";"Apr 2020"
"826";"2020-04-05";"4";"2";"2020";"2020002";"2020004";"April";"2 Qu 2020";"Apr 2020"
"827";"2020-04-06";"4";"2";"2020";"2020002";"2020004";"April";"2 Qu 2020";"Apr 2020"
"828";"2020-04-07";"4";"2";"2020";"2020002";"2020004";"April";"2 Qu 2020";"Apr 2020"
"829";"2020-04-08";"4";"2";"2020";"2020002";"2020004";"April";"2 Qu 2020";"Apr 2020"
"830";"2020-04-09";"4";"2";"2020";"2020002";"2020004";"April";"2 Qu 2020";"Apr 2020"
"831";"2020-04-10";"4";"2";"2020";"2020002";"2020004";"April";"2 Qu 2020";"Apr 2020"
"832";"2020-04-11";"4";"2";"2020";"2020002";"2020004";"April";"2 Qu 2020";"Apr 2020"
"833";"2020-04-12";"4";"2";"2020";"2020002";"2020004";"April";"2 Qu 2020";"Apr 2020"
"834";"2020-04-13";"4";"2";"2020";"2020002";"2020004";"April";"2 Qu 2020";"Apr 2020"
"835";"2020-04-14";"4";"2";"2020";"2020002";"2020004";"April";"2 Qu 2020";"Apr 2020"
"836";"2020-04-15";"4";"2";"2020";"2020002";"2020004";"April";"2 Qu 2020";"Apr 2020"
"837";"2020-04-16";"4";"2";"2020";"2020002";"2020004";"April";"2 Qu 2020";"Apr 2020"
"838";"2020-04-17";"4";"2";"2020";"2020002";"2020004";"April";"2 Qu 2020";"Apr 2020"
"839";"2020-04-18";"4";"2";"2020";"2020002";"2020004";"April";"2 Qu 2020";"Apr 2020"
"840";"2020-04-19";"4";"2";"2020";"2020002";"2020004";"April";"2 Qu 2020";"Apr 2020"
"841";"2020-04-20";"4";"2";"2020";"2020002";"2020004";"April";"2 Qu 2020";"Apr 2020"
"842";"2020-04-21";"4";"2";"2020";"2020002";"2020004";"April";"2 Qu 2020";"Apr 2020"
"843";"2020-04-22";"4";"2";"2020";"2020002";"2020004";"April";"2 Qu 2020";"Apr 2020"
"844";"2020-04-23";"4";"2";"2020";"2020002";"2020004";"April";"2 Qu 2020";"Apr 2020"
"845";"2020-04-24";"4";"2";"2020";"2020002";"2020004";"April";"2 Qu 2020";"Apr 2020"
"846";"2020-04-25";"4";"2";"2020";"2020002";"2020004";"April";"2 Qu 2020";"Apr 2020"
"847";"2020-04-26";"4";"2";"2020";"2020002";"2020004";"April";"2 Qu 2020";"Apr 2020"
"848";"2020-04-27";"4";"2";"2020";"2020002";"2020004";"April";"2 Qu 2020";"Apr 2020"
"849";"2020-04-28";"4";"2";"2020";"2020002";"2020004";"April";"2 Qu 2020";"Apr 2020"
"850";"2020-04-29";"4";"2";"2020";"2020002";"2020004";"April";"2 Qu 2020";"Apr 2020"
"851";"2020-04-30";"4";"2";"2020";"2020002";"2020004";"April";"2 Qu 2020";"Apr 2020"
"852";"2020-05-01";"5";"2";"2020";"2020002";"2020005";"Mai";"2 Qu 2020";"Mai 2020"
"853";"2020-05-02";"5";"2";"2020";"2020002";"2020005";"Mai";"2 Qu 2020";"Mai 2020"
"854";"2020-05-03";"5";"2";"2020";"2020002";"2020005";"Mai";"2 Qu 2020";"Mai 2020"
"855";"2020-05-04";"5";"2";"2020";"2020002";"2020005";"Mai";"2 Qu 2020";"Mai 2020"
"856";"2020-05-05";"5";"2";"2020";"2020002";"2020005";"Mai";"2 Qu 2020";"Mai 2020"
"857";"2020-05-06";"5";"2";"2020";"2020002";"2020005";"Mai";"2 Qu 2020";"Mai 2020"
"858";"2020-05-07";"5";"2";"2020";"2020002";"2020005";"Mai";"2 Qu 2020";"Mai 2020"
"859";"2020-05-08";"5";"2";"2020";"2020002";"2020005";"Mai";"2 Qu 2020";"Mai 2020"
"860";"2020-05-09";"5";"2";"2020";"2020002";"2020005";"Mai";"2 Qu 2020";"Mai 2020"
"861";"2020-05-10";"5";"2";"2020";"2020002";"2020005";"Mai";"2 Qu 2020";"Mai 2020"
"862";"2020-05-11";"5";"2";"2020";"2020002";"2020005";"Mai";"2 Qu 2020";"Mai 2020"
"863";"2020-05-12";"5";"2";"2020";"2020002";"2020005";"Mai";"2 Qu 2020";"Mai 2020"
"864";"2020-05-13";"5";"2";"2020";"2020002";"2020005";"Mai";"2 Qu 2020";"Mai 2020"
"865";"2020-05-14";"5";"2";"2020";"2020002";"2020005";"Mai";"2 Qu 2020";"Mai 2020"
"866";"2020-05-15";"5";"2";"2020";"2020002";"2020005";"Mai";"2 Qu 2020";"Mai 2020"
"867";"2020-05-16";"5";"2";"2020";"2020002";"2020005";"Mai";"2 Qu 2020";"Mai 2020"
"868";"2020-05-17";"5";"2";"2020";"2020002";"2020005";"Mai";"2 Qu 2020";"Mai 2020"
"869";"2020-05-18";"5";"2";"2020";"2020002";"2020005";"Mai";"2 Qu 2020";"Mai 2020"
"870";"2020-05-19";"5";"2";"2020";"2020002";"2020005";"Mai";"2 Qu 2020";"Mai 2020"
"871";"2020-05-20";"5";"2";"2020";"2020002";"2020005";"Mai";"2 Qu 2020";"Mai 2020"
"872";"2020-05-21";"5";"2";"2020";"2020002";"2020005";"Mai";"2 Qu 2020";"Mai 2020"
"873";"2020-05-22";"5";"2";"2020";"2020002";"2020005";"Mai";"2 Qu 2020";"Mai 2020"
"874";"2020-05-23";"5";"2";"2020";"2020002";"2020005";"Mai";"2 Qu 2020";"Mai 2020"
"875";"2020-05-24";"5";"2";"2020";"2020002";"2020005";"Mai";"2 Qu 2020";"Mai 2020"
"876";"2020-05-25";"5";"2";"2020";"2020002";"2020005";"Mai";"2 Qu 2020";"Mai 2020"
"877";"2020-05-26";"5";"2";"2020";"2020002";"2020005";"Mai";"2 Qu 2020";"Mai 2020"
"878";"2020-05-27";"5";"2";"2020";"2020002";"2020005";"Mai";"2 Qu 2020";"Mai 2020"
"879";"2020-05-28";"5";"2";"2020";"2020002";"2020005";"Mai";"2 Qu 2020";"Mai 2020"
"880";"2020-05-29";"5";"2";"2020";"2020002";"2020005";"Mai";"2 Qu 2020";"Mai 2020"
"881";"2020-05-30";"5";"2";"2020";"2020002";"2020005";"Mai";"2 Qu 2020";"Mai 2020"
"882";"2020-05-31";"5";"2";"2020";"2020002";"2020005";"Mai";"2 Qu 2020";"Mai 2020"
"883";"2020-06-01";"6";"2";"2020";"2020002";"2020006";"Juni";"2 Qu 2020";"Jun 2020"
"884";"2020-06-02";"6";"2";"2020";"2020002";"2020006";"Juni";"2 Qu 2020";"Jun 2020"
"885";"2020-06-03";"6";"2";"2020";"2020002";"2020006";"Juni";"2 Qu 2020";"Jun 2020"
"886";"2020-06-04";"6";"2";"2020";"2020002";"2020006";"Juni";"2 Qu 2020";"Jun 2020"
"887";"2020-06-05";"6";"2";"2020";"2020002";"2020006";"Juni";"2 Qu 2020";"Jun 2020"
"888";"2020-06-06";"6";"2";"2020";"2020002";"2020006";"Juni";"2 Qu 2020";"Jun 2020"
"889";"2020-06-07";"6";"2";"2020";"2020002";"2020006";"Juni";"2 Qu 2020";"Jun 2020"
"890";"2020-06-08";"6";"2";"2020";"2020002";"2020006";"Juni";"2 Qu 2020";"Jun 2020"
"891";"2020-06-09";"6";"2";"2020";"2020002";"2020006";"Juni";"2 Qu 2020";"Jun 2020"
"892";"2020-06-10";"6";"2";"2020";"2020002";"2020006";"Juni";"2 Qu 2020";"Jun 2020"
"893";"2020-06-11";"6";"2";"2020";"2020002";"2020006";"Juni";"2 Qu 2020";"Jun 2020"
"894";"2020-06-12";"6";"2";"2020";"2020002";"2020006";"Juni";"2 Qu 2020";"Jun 2020"
"895";"2020-06-13";"6";"2";"2020";"2020002";"2020006";"Juni";"2 Qu 2020";"Jun 2020"
"896";"2020-06-14";"6";"2";"2020";"2020002";"2020006";"Juni";"2 Qu 2020";"Jun 2020"
"897";"2020-06-15";"6";"2";"2020";"2020002";"2020006";"Juni";"2 Qu 2020";"Jun 2020"
"898";"2020-06-16";"6";"2";"2020";"2020002";"2020006";"Juni";"2 Qu 2020";"Jun 2020"
"899";"2020-06-17";"6";"2";"2020";"2020002";"2020006";"Juni";"2 Qu 2020";"Jun 2020"
"900";"2020-06-18";"6";"2";"2020";"2020002";"2020006";"Juni";"2 Qu 2020";"Jun 2020"
"901";"2020-06-19";"6";"2";"2020";"2020002";"2020006";"Juni";"2 Qu 2020";"Jun 2020"
"902";"2020-06-20";"6";"2";"2020";"2020002";"2020006";"Juni";"2 Qu 2020";"Jun 2020"
"903";"2020-06-21";"6";"2";"2020";"2020002";"2020006";"Juni";"2 Qu 2020";"Jun 2020"
"904";"2020-06-22";"6";"2";"2020";"2020002";"2020006";"Juni";"2 Qu 2020";"Jun 2020"
"905";"2020-06-23";"6";"2";"2020";"2020002";"2020006";"Juni";"2 Qu 2020";"Jun 2020"
"906";"2020-06-24";"6";"2";"2020";"2020002";"2020006";"Juni";"2 Qu 2020";"Jun 2020"
"907";"2020-06-25";"6";"2";"2020";"2020002";"2020006";"Juni";"2 Qu 2020";"Jun 2020"
"908";"2020-06-26";"6";"2";"2020";"2020002";"2020006";"Juni";"2 Qu 2020";"Jun 2020"
"909";"2020-06-27";"6";"2";"2020";"2020002";"2020006";"Juni";"2 Qu 2020";"Jun 2020"
"910";"2020-06-28";"6";"2";"2020";"2020002";"2020006";"Juni";"2 Qu 2020";"Jun 2020"
"911";"2020-06-29";"6";"2";"2020";"2020002";"2020006";"Juni";"2 Qu 2020";"Jun 2020"
"912";"2020-06-30";"6";"2";"2020";"2020002";"2020006";"Juni";"2 Qu 2020";"Jun 2020"
"913";"2020-07-01";"7";"3";"2020";"2020003";"2020007";"Juli";"3 Qu 2020";"Jul 2020"
"914";"2020-07-02";"7";"3";"2020";"2020003";"2020007";"Juli";"3 Qu 2020";"Jul 2020"
"915";"2020-07-03";"7";"3";"2020";"2020003";"2020007";"Juli";"3 Qu 2020";"Jul 2020"
"916";"2020-07-04";"7";"3";"2020";"2020003";"2020007";"Juli";"3 Qu 2020";"Jul 2020"
"917";"2020-07-05";"7";"3";"2020";"2020003";"2020007";"Juli";"3 Qu 2020";"Jul 2020"
"918";"2020-07-06";"7";"3";"2020";"2020003";"2020007";"Juli";"3 Qu 2020";"Jul 2020"
"919";"2020-07-07";"7";"3";"2020";"2020003";"2020007";"Juli";"3 Qu 2020";"Jul 2020"
"920";"2020-07-08";"7";"3";"2020";"2020003";"2020007";"Juli";"3 Qu 2020";"Jul 2020"
"921";"2020-07-09";"7";"3";"2020";"2020003";"2020007";"Juli";"3 Qu 2020";"Jul 2020"
"922";"2020-07-10";"7";"3";"2020";"2020003";"2020007";"Juli";"3 Qu 2020";"Jul 2020"
"923";"2020-07-11";"7";"3";"2020";"2020003";"2020007";"Juli";"3 Qu 2020";"Jul 2020"
"924";"2020-07-12";"7";"3";"2020";"2020003";"2020007";"Juli";"3 Qu 2020";"Jul 2020"
"925";"2020-07-13";"7";"3";"2020";"2020003";"2020007";"Juli";"3 Qu 2020";"Jul 2020"
"926";"2020-07-14";"7";"3";"2020";"2020003";"2020007";"Juli";"3 Qu 2020";"Jul 2020"
"927";"2020-07-15";"7";"3";"2020";"2020003";"2020007";"Juli";"3 Qu 2020";"Jul 2020"
"928";"2020-07-16";"7";"3";"2020";"2020003";"2020007";"Juli";"3 Qu 2020";"Jul 2020"
"929";"2020-07-17";"7";"3";"2020";"2020003";"2020007";"Juli";"3 Qu 2020";"Jul 2020"
"930";"2020-07-18";"7";"3";"2020";"2020003";"2020007";"Juli";"3 Qu 2020";"Jul 2020"
"931";"2020-07-19";"7";"3";"2020";"2020003";"2020007";"Juli";"3 Qu 2020";"Jul 2020"
"932";"2020-07-20";"7";"3";"2020";"2020003";"2020007";"Juli";"3 Qu 2020";"Jul 2020"
"933";"2020-07-21";"7";"3";"2020";"2020003";"2020007";"Juli";"3 Qu 2020";"Jul 2020"
"934";"2020-07-22";"7";"3";"2020";"2020003";"2020007";"Juli";"3 Qu 2020";"Jul 2020"
"935";"2020-07-23";"7";"3";"2020";"2020003";"2020007";"Juli";"3 Qu 2020";"Jul 2020"
"936";"2020-07-24";"7";"3";"2020";"2020003";"2020007";"Juli";"3 Qu 2020";"Jul 2020"
"937";"2020-07-25";"7";"3";"2020";"2020003";"2020007";"Juli";"3 Qu 2020";"Jul 2020"
"938";"2020-07-26";"7";"3";"2020";"2020003";"2020007";"Juli";"3 Qu 2020";"Jul 2020"
"939";"2020-07-27";"7";"3";"2020";"2020003";"2020007";"Juli";"3 Qu 2020";"Jul 2020"
"940";"2020-07-28";"7";"3";"2020";"2020003";"2020007";"Juli";"3 Qu 2020";"Jul 2020"
"941";"2020-07-29";"7";"3";"2020";"2020003";"2020007";"Juli";"3 Qu 2020";"Jul 2020"
"942";"2020-07-30";"7";"3";"2020";"2020003";"2020007";"Juli";"3 Qu 2020";"Jul 2020"
"943";"2020-07-31";"7";"3";"2020";"2020003";"2020007";"Juli";"3 Qu 2020";"Jul 2020"
"944";"2020-08-01";"8";"3";"2020";"2020003";"2020008";"August";"3 Qu 2020";"Aug 2020"
"945";"2020-08-02";"8";"3";"2020";"2020003";"2020008";"August";"3 Qu 2020";"Aug 2020"
"946";"2020-08-03";"8";"3";"2020";"2020003";"2020008";"August";"3 Qu 2020";"Aug 2020"
"947";"2020-08-04";"8";"3";"2020";"2020003";"2020008";"August";"3 Qu 2020";"Aug 2020"
"948";"2020-08-05";"8";"3";"2020";"2020003";"2020008";"August";"3 Qu 2020";"Aug 2020"
"949";"2020-08-06";"8";"3";"2020";"2020003";"2020008";"August";"3 Qu 2020";"Aug 2020"
"950";"2020-08-07";"8";"3";"2020";"2020003";"2020008";"August";"3 Qu 2020";"Aug 2020"
"951";"2020-08-08";"8";"3";"2020";"2020003";"2020008";"August";"3 Qu 2020";"Aug 2020"
"952";"2020-08-09";"8";"3";"2020";"2020003";"2020008";"August";"3 Qu 2020";"Aug 2020"
"953";"2020-08-10";"8";"3";"2020";"2020003";"2020008";"August";"3 Qu 2020";"Aug 2020"
"954";"2020-08-11";"8";"3";"2020";"2020003";"2020008";"August";"3 Qu 2020";"Aug 2020"
"955";"2020-08-12";"8";"3";"2020";"2020003";"2020008";"August";"3 Qu 2020";"Aug 2020"
"956";"2020-08-13";"8";"3";"2020";"2020003";"2020008";"August";"3 Qu 2020";"Aug 2020"
"957";"2020-08-14";"8";"3";"2020";"2020003";"2020008";"August";"3 Qu 2020";"Aug 2020"
"958";"2020-08-15";"8";"3";"2020";"2020003";"2020008";"August";"3 Qu 2020";"Aug 2020"
"959";"2020-08-16";"8";"3";"2020";"2020003";"2020008";"August";"3 Qu 2020";"Aug 2020"
"960";"2020-08-17";"8";"3";"2020";"2020003";"2020008";"August";"3 Qu 2020";"Aug 2020"
"961";"2020-08-18";"8";"3";"2020";"2020003";"2020008";"August";"3 Qu 2020";"Aug 2020"
"962";"2020-08-19";"8";"3";"2020";"2020003";"2020008";"August";"3 Qu 2020";"Aug 2020"
"963";"2020-08-20";"8";"3";"2020";"2020003";"2020008";"August";"3 Qu 2020";"Aug 2020"
"964";"2020-08-21";"8";"3";"2020";"2020003";"2020008";"August";"3 Qu 2020";"Aug 2020"
"965";"2020-08-22";"8";"3";"2020";"2020003";"2020008";"August";"3 Qu 2020";"Aug 2020"
"966";"2020-08-23";"8";"3";"2020";"2020003";"2020008";"August";"3 Qu 2020";"Aug 2020"
"967";"2020-08-24";"8";"3";"2020";"2020003";"2020008";"August";"3 Qu 2020";"Aug 2020"
"968";"2020-08-25";"8";"3";"2020";"2020003";"2020008";"August";"3 Qu 2020";"Aug 2020"
"969";"2020-08-26";"8";"3";"2020";"2020003";"2020008";"August";"3 Qu 2020";"Aug 2020"
"970";"2020-08-27";"8";"3";"2020";"2020003";"2020008";"August";"3 Qu 2020";"Aug 2020"
"971";"2020-08-28";"8";"3";"2020";"2020003";"2020008";"August";"3 Qu 2020";"Aug 2020"
"972";"2020-08-29";"8";"3";"2020";"2020003";"2020008";"August";"3 Qu 2020";"Aug 2020"
"973";"2020-08-30";"8";"3";"2020";"2020003";"2020008";"August";"3 Qu 2020";"Aug 2020"
"974";"2020-08-31";"8";"3";"2020";"2020003";"2020008";"August";"3 Qu 2020";"Aug 2020"
"975";"2020-09-01";"9";"3";"2020";"2020003";"2020009";"September";"3 Qu 2020";"Sep 2020"
"976";"2020-09-02";"9";"3";"2020";"2020003";"2020009";"September";"3 Qu 2020";"Sep 2020"
"977";"2020-09-03";"9";"3";"2020";"2020003";"2020009";"September";"3 Qu 2020";"Sep 2020"
"978";"2020-09-04";"9";"3";"2020";"2020003";"2020009";"September";"3 Qu 2020";"Sep 2020"
"979";"2020-09-05";"9";"3";"2020";"2020003";"2020009";"September";"3 Qu 2020";"Sep 2020"
"980";"2020-09-06";"9";"3";"2020";"2020003";"2020009";"September";"3 Qu 2020";"Sep 2020"
"981";"2020-09-07";"9";"3";"2020";"2020003";"2020009";"September";"3 Qu 2020";"Sep 2020"
"982";"2020-09-08";"9";"3";"2020";"2020003";"2020009";"September";"3 Qu 2020";"Sep 2020"
"983";"2020-09-09";"9";"3";"2020";"2020003";"2020009";"September";"3 Qu 2020";"Sep 2020"
"984";"2020-09-10";"9";"3";"2020";"2020003";"2020009";"September";"3 Qu 2020";"Sep 2020"
"985";"2020-09-11";"9";"3";"2020";"2020003";"2020009";"September";"3 Qu 2020";"Sep 2020"
"986";"2020-09-12";"9";"3";"2020";"2020003";"2020009";"September";"3 Qu 2020";"Sep 2020"
"987";"2020-09-13";"9";"3";"2020";"2020003";"2020009";"September";"3 Qu 2020";"Sep 2020"
"988";"2020-09-14";"9";"3";"2020";"2020003";"2020009";"September";"3 Qu 2020";"Sep 2020"
"989";"2020-09-15";"9";"3";"2020";"2020003";"2020009";"September";"3 Qu 2020";"Sep 2020"
"990";"2020-09-16";"9";"3";"2020";"2020003";"2020009";"September";"3 Qu 2020";"Sep 2020"
"991";"2020-09-17";"9";"3";"2020";"2020003";"2020009";"September";"3 Qu 2020";"Sep 2020"
"992";"2020-09-18";"9";"3";"2020";"2020003";"2020009";"September";"3 Qu 2020";"Sep 2020"
"993";"2020-09-19";"9";"3";"2020";"2020003";"2020009";"September";"3 Qu 2020";"Sep 2020"
"994";"2020-09-20";"9";"3";"2020";"2020003";"2020009";"September";"3 Qu 2020";"Sep 2020"
"995";"2020-09-21";"9";"3";"2020";"2020003";"2020009";"September";"3 Qu 2020";"Sep 2020"
"996";"2020-09-22";"9";"3";"2020";"2020003";"2020009";"September";"3 Qu 2020";"Sep 2020"
"997";"2020-09-23";"9";"3";"2020";"2020003";"2020009";"September";"3 Qu 2020";"Sep 2020"
"998";"2020-09-24";"9";"3";"2020";"2020003";"2020009";"September";"3 Qu 2020";"Sep 2020"
"999";"2020-09-25";"9";"3";"2020";"2020003";"2020009";"September";"3 Qu 2020";"Sep 2020"
"1000";"2020-09-26";"9";"3";"2020";"2020003";"2020009";"September";"3 Qu 2020";"Sep 2020"
